,id,species,new_id
0,1,Acer_Opalus,1
1,2,Pterocarya_Stenoptera,2
2,3,Quercus_Hartwissiana,3
3,5,Tilia_Tomentosa,4
4,6,Quercus_Variabilis,5
5,8,Magnolia_Salicifolia,6
6,10,Quercus_Canariensis,7
7,11,Quercus_Rubra,8
8,14,Quercus_Brantii,9
9,15,Salix_Fragilis,10
10,17,Zelkova_Serrata,11
11,18,Betula_Austrosinensis,12
12,20,Quercus_Pontica,13
13,21,Quercus_Afares,14
14,22,Quercus_Coccifera,15
15,25,Fagus_Sylvatica,16
16,26,Phildelphus,17
17,27,Acer_Palmatum,18
18,29,Quercus_Pubescens,19
19,30,Populus_Adenopoda,20
20,31,Quercus_Trojana,21
21,32,Quercus_Variabilis,22
22,34,Alnus_Sieboldiana,23
23,35,Quercus_Ilex,24
24,37,Arundinaria_Simonii,25
25,38,Acer_Platanoids,26
26,40,Quercus_Phillyraeoides,27
27,42,Cornus_Chinensis,28
28,43,Quercus_Phillyraeoides,29
29,45,Fagus_Sylvatica,30
30,48,Liriodendron_Tulipifera,31
31,49,Cytisus_Battandieri,32
32,50,Tilia_Tomentosa,33
33,54,Rhododendron_x_Russellianum,34
34,55,Alnus_Rubra,35
35,56,Eucalyptus_Glaucescens,36
36,58,Cercis_Siliquastrum,37
37,60,Cotinus_Coggygria,38
38,61,Celtis_Koraiensis,39
39,63,Quercus_Crassifolia,40
40,64,Quercus_Variabilis,41
41,66,Quercus_Hartwissiana,42
42,67,Quercus_Kewensis,43
43,69,Quercus_Coccifera,44
44,71,Cornus_Controversa,45
45,72,Quercus_Pyrenaica,46
46,73,Callicarpa_Bodinieri,47
47,75,Quercus_Alnifolia,48
48,76,Quercus_Canariensis,49
49,78,Acer_Saccharinum,50
50,80,Prunus_X_Shmittii,51
51,81,Prunus_Avium,52
52,82,Quercus_Greggii,53
53,83,Quercus_Suber,54
54,84,Quercus_Trojana,55
55,85,Liriodendron_Tulipifera,56
56,87,Quercus_Coccifera,57
57,88,Cercis_Siliquastrum,58
58,92,Quercus_Suber,59
59,100,Celtis_Koraiensis,60
60,101,Quercus_Dolicholepis,61
61,103,Rhododendron_x_Russellianum,62
62,106,Ilex_Cornuta,63
63,107,Tilia_Oliveri,64
64,108,Quercus_Semecarpifolia,65
65,109,Quercus_Texana,66
66,115,Celtis_Koraiensis,67
67,116,Ginkgo_Biloba,68
68,118,Acer_Palmatum,69
69,120,Quercus_Variabilis,70
70,122,Liriodendron_Tulipifera,71
71,124,Liquidambar_Styraciflua,72
72,127,Quercus_Phellos,73
73,129,Quercus_Crassifolia,74
74,130,Quercus_Palustris,75
75,132,Quercus_Phellos,76
76,133,Quercus_Alnifolia,77
77,134,Quercus_Afares,78
78,139,Quercus_Canariensis,79
79,140,Alnus_Maximowiczii,80
80,142,Quercus_Agrifolia,81
81,143,Callicarpa_Bodinieri,82
82,145,Prunus_Avium,83
83,146,Acer_Pictum,84
84,148,Acer_Rufinerve,85
85,149,Lithocarpus_Cleistocarpus,86
86,152,Viburnum_x_Rhytidophylloides,87
87,153,Celtis_Koraiensis,88
88,155,Ilex_Aquifolium,89
89,160,Acer_Circinatum,90
90,163,Quercus_Coccinea,91
91,164,Acer_Circinatum,92
92,165,Quercus_Cerris,93
93,166,Acer_Circinatum,94
94,167,Acer_Saccharinum,95
95,168,Quercus_Chrysolepis,96
96,169,Celtis_Koraiensis,97
97,171,Quercus_Semecarpifolia,98
98,173,Eucalyptus_Neglecta,99
99,175,Betula_Austrosinensis,100
100,178,Ginkgo_Biloba,101
101,179,Quercus_Canariensis,102
102,183,Tilia_Platyphyllos,103
103,186,Alnus_Cordata,104
104,188,Populus_Nigra,105
105,189,Quercus_Coccinea,106
106,190,Quercus_Variabilis,107
107,194,Quercus_Pyrenaica,108
108,196,Arundinaria_Simonii,109
109,198,Alnus_Cordata,110
110,199,Arundinaria_Simonii,111
111,201,Acer_Capillipes,112
112,202,Quercus_Kewensis,113
113,203,Acer_Palmatum,114
114,204,Quercus_Agrifolia,115
115,206,Quercus_Agrifolia,116
116,211,Tilia_Tomentosa,117
117,212,Liriodendron_Tulipifera,118
118,214,Magnolia_Heptapeta,119
119,215,Quercus_Dolicholepis,120
120,216,Acer_Mono,121
121,217,Cornus_Macrophylla,122
122,218,Crataegus_Monogyna,123
123,219,Liquidambar_Styraciflua,124
124,224,Cotinus_Coggygria,125
125,225,Quercus_x_Turneri,126
126,227,Acer_Capillipes,127
127,228,Quercus_Castaneifolia,128
128,231,Ilex_Cornuta,129
129,233,Lithocarpus_Edulis,130
130,235,Acer_Circinatum,131
131,237,Populus_Grandidentata,132
132,238,Acer_Rubrum,133
133,239,Tilia_Platyphyllos,134
134,240,Quercus_Cerris,135
135,241,Lithocarpus_Edulis,136
136,242,Cercis_Siliquastrum,137
137,243,Quercus_Agrifolia,138
138,245,Quercus_Pubescens,139
139,246,Quercus_Suber,140
140,247,Quercus_Pontica,141
141,248,Ilex_Aquifolium,142
142,249,Celtis_Koraiensis,143
143,252,Lithocarpus_Cleistocarpus,144
144,253,Acer_Saccharinum,145
145,256,Magnolia_Salicifolia,146
146,257,Quercus_Crassifolia,147
147,258,Fagus_Sylvatica,148
148,259,Quercus_Trojana,149
149,260,Quercus_Afares,150
150,262,Quercus_Palustris,151
151,263,Quercus_Imbricaria,152
152,265,Eucalyptus_Urnigera,153
153,267,Quercus_Ilex,154
154,268,Acer_Circinatum,155
155,269,Phildelphus,156
156,270,Quercus_Crassipes,157
157,273,Cornus_Controversa,158
158,275,Quercus_Hartwissiana,159
159,278,Quercus_Variabilis,160
160,280,Quercus_x_Turneri,161
161,282,Populus_Nigra,162
162,283,Quercus_Chrysolepis,163
163,286,Betula_Austrosinensis,164
164,288,Acer_Mono,165
165,289,Eucalyptus_Glaucescens,166
166,290,Alnus_Rubra,167
167,291,Viburnum_Tinus,168
168,294,Populus_Adenopoda,169
169,298,Quercus_Pyrenaica,170
170,302,Eucalyptus_Neglecta,171
171,303,Quercus_Pubescens,172
172,304,Morus_Nigra,173
173,306,Quercus_x_Turneri,174
174,307,Quercus_Imbricaria,175
175,309,Quercus_Crassipes,176
176,310,Eucalyptus_Urnigera,177
177,311,Acer_Pictum,178
178,314,Alnus_Rubra,179
179,315,Quercus_Dolicholepis,180
180,317,Acer_Opalus,181
181,319,Quercus_Trojana,182
182,321,Quercus_Suber,183
183,322,Acer_Platanoids,184
184,323,Quercus_Vulcanica,185
185,324,Acer_Palmatum,186
186,325,Lithocarpus_Cleistocarpus,187
187,326,Quercus_Chrysolepis,188
188,327,Quercus_Variabilis,189
189,328,Magnolia_Heptapeta,190
190,329,Quercus_Palustris,191
191,330,Quercus_Crassipes,192
192,331,Acer_Platanoids,193
193,333,Quercus_Pyrenaica,194
194,334,Alnus_Viridis,195
195,335,Fagus_Sylvatica,196
196,336,Zelkova_Serrata,197
197,338,Magnolia_Salicifolia,198
198,339,Betula_Pendula,199
199,340,Quercus_Agrifolia,200
200,341,Betula_Austrosinensis,201
201,342,Olea_Europaea,202
202,344,Quercus_Ellipsoidalis,203
203,345,Quercus_x_Hispanica,204
204,348,Lithocarpus_Cleistocarpus,205
205,349,Quercus_Kewensis,206
206,350,Quercus_x_Hispanica,207
207,354,Quercus_Palustris,208
208,355,Quercus_Shumardii,209
209,356,Quercus_Rubra,210
210,357,Alnus_Viridis,211
211,358,Liquidambar_Styraciflua,212
212,360,Cotinus_Coggygria,213
213,362,Acer_Pictum,214
214,363,Magnolia_Heptapeta,215
215,364,Acer_Rufinerve,216
216,365,Acer_Saccharinum,217
217,366,Crataegus_Monogyna,218
218,367,Populus_Adenopoda,219
219,369,Quercus_Crassifolia,220
220,371,Alnus_Sieboldiana,221
221,374,Alnus_Viridis,222
222,375,Quercus_Rhysophylla,223
223,376,Alnus_Sieboldiana,224
224,377,Quercus_Shumardii,225
225,379,Quercus_x_Turneri,226
226,380,Callicarpa_Bodinieri,227
227,382,Quercus_Crassifolia,228
228,383,Quercus_Rubra,229
229,386,Tilia_Oliveri,230
230,387,Quercus_Agrifolia,231
231,388,Populus_Grandidentata,232
232,389,Quercus_Rubra,233
233,390,Morus_Nigra,234
234,392,Quercus_Agrifolia,235
235,393,Eucalyptus_Urnigera,236
236,394,Alnus_Viridis,237
237,396,Liquidambar_Styraciflua,238
238,397,Populus_Nigra,239
239,398,Cercis_Siliquastrum,240
240,404,Acer_Rufinerve,241
241,408,Acer_Platanoids,242
242,409,Tilia_Oliveri,243
243,410,Lithocarpus_Edulis,244
244,411,Magnolia_Salicifolia,245
245,412,Arundinaria_Simonii,246
246,413,Ginkgo_Biloba,247
247,415,Betula_Pendula,248
248,416,Tilia_Platyphyllos,249
249,417,Quercus_Palustris,250
250,418,Tilia_Oliveri,251
251,419,Cytisus_Battandieri,252
252,420,Quercus_Rubra,253
253,423,Arundinaria_Simonii,254
254,425,Castanea_Sativa,255
255,426,Quercus_Crassifolia,256
256,427,Cercis_Siliquastrum,257
257,428,Lithocarpus_Edulis,258
258,430,Liriodendron_Tulipifera,259
259,431,Pterocarya_Stenoptera,260
260,433,Quercus_Pontica,261
261,435,Quercus_Imbricaria,262
262,436,Ulmus_Bergmanniana,263
263,437,Fagus_Sylvatica,264
264,438,Quercus_Texana,265
265,440,Populus_Grandidentata,266
266,443,Betula_Austrosinensis,267
267,444,Quercus_Trojana,268
268,445,Quercus_Ellipsoidalis,269
269,446,Quercus_Shumardii,270
270,449,Olea_Europaea,271
271,450,Cornus_Chinensis,272
272,451,Quercus_Pontica,273
273,452,Quercus_Brantii,274
274,454,Arundinaria_Simonii,275
275,455,Populus_Adenopoda,276
276,456,Prunus_Avium,277
277,458,Quercus_Chrysolepis,278
278,459,Tilia_Tomentosa,279
279,460,Quercus_Pyrenaica,280
280,461,Betula_Pendula,281
281,462,Ginkgo_Biloba,282
282,463,Cornus_Macrophylla,283
283,464,Arundinaria_Simonii,284
284,466,Tilia_Platyphyllos,285
285,467,Cornus_Macrophylla,286
286,468,Quercus_Shumardii,287
287,469,Quercus_Coccinea,288
288,470,Populus_Nigra,289
289,475,Alnus_Rubra,290
290,478,Quercus_Agrifolia,291
291,481,Quercus_Rhysophylla,292
292,482,Quercus_Semecarpifolia,293
293,485,Quercus_Nigra,294
294,487,Quercus_Kewensis,295
295,488,Betula_Austrosinensis,296
296,489,Acer_Mono,297
297,490,Quercus_Ellipsoidalis,298
298,491,Quercus_Trojana,299
299,492,Quercus_Castaneifolia,300
300,493,Alnus_Rubra,301
301,494,Quercus_Brantii,302
302,496,Acer_Circinatum,303
303,497,Quercus_Imbricaria,304
304,498,Acer_Capillipes,305
305,499,Acer_Mono,306
306,501,Liriodendron_Tulipifera,307
307,502,Olea_Europaea,308
308,505,Alnus_Cordata,309
309,506,Acer_Saccharinum,310
310,508,Quercus_Alnifolia,311
311,510,Quercus_Coccinea,312
312,511,Acer_Platanoids,313
313,513,Cornus_Chinensis,314
314,514,Quercus_x_Hispanica,315
315,516,Fagus_Sylvatica,316
316,517,Quercus_Agrifolia,317
317,519,Lithocarpus_Cleistocarpus,318
318,520,Phildelphus,319
319,521,Quercus_Pubescens,320
320,522,Salix_Intergra,321
321,523,Cornus_Macrophylla,322
322,524,Quercus_x_Hispanica,323
323,528,Viburnum_Tinus,324
324,530,Populus_Grandidentata,325
325,532,Ginkgo_Biloba,326
326,535,Zelkova_Serrata,327
327,538,Liriodendron_Tulipifera,328
328,539,Quercus_Ilex,329
329,542,Prunus_X_Shmittii,330
330,543,Quercus_Phillyraeoides,331
331,545,Quercus_Phillyraeoides,332
332,547,Quercus_Semecarpifolia,333
333,548,Quercus_Cerris,334
334,550,Morus_Nigra,335
335,551,Cercis_Siliquastrum,336
336,552,Cotinus_Coggygria,337
337,553,Cytisus_Battandieri,338
338,556,Viburnum_x_Rhytidophylloides,339
339,558,Callicarpa_Bodinieri,340
340,559,Populus_Adenopoda,341
341,561,Populus_Grandidentata,342
342,562,Magnolia_Salicifolia,343
343,563,Quercus_Shumardii,344
344,564,Quercus_Ellipsoidalis,345
345,566,Celtis_Koraiensis,346
346,568,Liquidambar_Styraciflua,347
347,569,Acer_Capillipes,348
348,570,Acer_Rufinerve,349
349,571,Cytisus_Battandieri,350
350,572,Cotinus_Coggygria,351
351,573,Liquidambar_Styraciflua,352
352,576,Quercus_Coccinea,353
353,581,Quercus_Crassipes,354
354,582,Cercis_Siliquastrum,355
355,585,Lithocarpus_Cleistocarpus,356
356,588,Eucalyptus_Neglecta,357
357,589,Acer_Platanoids,358
358,592,Castanea_Sativa,359
359,593,Quercus_Rubra,360
360,595,Quercus_Afares,361
361,596,Quercus_Canariensis,362
362,597,Lithocarpus_Cleistocarpus,363
363,598,Tilia_Platyphyllos,364
364,600,Ilex_Aquifolium,365
365,601,Populus_Nigra,366
366,603,Quercus_Semecarpifolia,367
367,605,Quercus_Coccinea,368
368,606,Eucalyptus_Neglecta,369
369,609,Phildelphus,370
370,610,Acer_Capillipes,371
371,614,Cornus_Controversa,372
372,615,Betula_Pendula,373
373,616,Lithocarpus_Edulis,374
374,618,Quercus_Ilex,375
375,619,Lithocarpus_Edulis,376
376,620,Salix_Fragilis,377
377,621,Betula_Pendula,378
378,622,Cotinus_Coggygria,379
379,623,Fagus_Sylvatica,380
380,628,Quercus_Hartwissiana,381
381,629,Alnus_Cordata,382
382,630,Crataegus_Monogyna,383
383,631,Quercus_x_Hispanica,384
384,632,Quercus_Coccifera,385
385,633,Olea_Europaea,386
386,634,Populus_Nigra,387
387,635,Cornus_Macrophylla,388
388,636,Ulmus_Bergmanniana,389
389,637,Tilia_Platyphyllos,390
390,641,Acer_Rufinerve,391
391,642,Quercus_Brantii,392
392,645,Ginkgo_Biloba,393
393,646,Alnus_Viridis,394
394,647,Alnus_Cordata,395
395,649,Tilia_Tomentosa,396
396,651,Acer_Rufinerve,397
397,652,Acer_Rufinerve,398
398,654,Quercus_Greggii,399
399,656,Populus_Adenopoda,400
400,657,Quercus_Pontica,401
401,660,Eucalyptus_Urnigera,402
402,661,Viburnum_x_Rhytidophylloides,403
403,662,Cornus_Chinensis,404
404,663,Alnus_Maximowiczii,405
405,664,Quercus_Infectoria_sub,406
406,667,Quercus_Cerris,407
407,669,Salix_Intergra,408
408,671,Viburnum_Tinus,409
409,672,Betula_Austrosinensis,410
410,673,Phildelphus,411
411,675,Quercus_Chrysolepis,412
412,676,Sorbus_Aria,413
413,677,Cornus_Macrophylla,414
414,678,Eucalyptus_Glaucescens,415
415,680,Quercus_Texana,416
416,681,Salix_Intergra,417
417,682,Quercus_Greggii,418
418,684,Quercus_Crassipes,419
419,685,Tilia_Oliveri,420
420,689,Eucalyptus_Glaucescens,421
421,692,Quercus_Variabilis,422
422,693,Quercus_Nigra,423
423,694,Populus_Grandidentata,424
424,695,Quercus_Vulcanica,425
425,697,Ilex_Cornuta,426
426,698,Acer_Rubrum,427
427,700,Rhododendron_x_Russellianum,428
428,704,Salix_Fragilis,429
429,706,Quercus_Crassipes,430
430,709,Crataegus_Monogyna,431
431,710,Rhododendron_x_Russellianum,432
432,711,Morus_Nigra,433
433,712,Populus_Nigra,434
434,713,Acer_Rufinerve,435
435,714,Sorbus_Aria,436
436,716,Morus_Nigra,437
437,717,Alnus_Viridis,438
438,718,Zelkova_Serrata,439
439,720,Eucalyptus_Glaucescens,440
440,721,Crataegus_Monogyna,441
441,722,Liriodendron_Tulipifera,442
442,724,Quercus_Nigra,443
443,726,Quercus_Pontica,444
444,727,Acer_Rubrum,445
445,728,Quercus_Alnifolia,446
446,730,Quercus_Nigra,447
447,732,Olea_Europaea,448
448,733,Quercus_Ilex,449
449,737,Cornus_Chinensis,450
450,738,Alnus_Sieboldiana,451
451,740,Populus_Adenopoda,452
452,741,Sorbus_Aria,453
453,742,Quercus_Brantii,454
454,745,Cornus_Chinensis,455
455,747,Betula_Austrosinensis,456
456,748,Magnolia_Salicifolia,457
457,749,Magnolia_Salicifolia,458
458,752,Eucalyptus_Glaucescens,459
459,753,Quercus_Nigra,460
460,754,Acer_Platanoids,461
461,755,Quercus_Crassifolia,462
462,756,Ulmus_Bergmanniana,463
463,757,Cornus_Controversa,464
464,758,Betula_Austrosinensis,465
465,759,Quercus_Afares,466
466,760,Eucalyptus_Neglecta,467
467,762,Pterocarya_Stenoptera,468
468,763,Acer_Saccharinum,469
469,765,Callicarpa_Bodinieri,470
470,766,Quercus_Castaneifolia,471
471,767,Quercus_Ellipsoidalis,472
472,768,Quercus_Crassifolia,473
473,769,Castanea_Sativa,474
474,771,Eucalyptus_Glaucescens,475
475,772,Eucalyptus_Urnigera,476
476,774,Fagus_Sylvatica,477
477,776,Quercus_Vulcanica,478
478,777,Quercus_Ilex,479
479,778,Rhododendron_x_Russellianum,480
480,779,Quercus_Ellipsoidalis,481
481,784,Quercus_Trojana,482
482,785,Quercus_Greggii,483
483,787,Viburnum_Tinus,484
484,788,Alnus_Sieboldiana,485
485,789,Ilex_Cornuta,486
486,792,Cytisus_Battandieri,487
487,793,Ulmus_Bergmanniana,488
488,794,Liriodendron_Tulipifera,489
489,796,Quercus_Phellos,490
490,797,Eucalyptus_Neglecta,491
491,798,Sorbus_Aria,492
492,800,Cornus_Chinensis,493
493,801,Quercus_Hartwissiana,494
494,802,Quercus_Palustris,495
495,803,Quercus_Ilex,496
496,805,Alnus_Maximowiczii,497
497,806,Ginkgo_Biloba,498
498,807,Acer_Mono,499
499,808,Quercus_Pubescens,500
500,809,Magnolia_Heptapeta,501
501,810,Acer_Pictum,502
502,811,Lithocarpus_Cleistocarpus,503
503,812,Quercus_Imbricaria,504
504,813,Quercus_Suber,505
505,815,Quercus_Castaneifolia,506
506,816,Quercus_Crassipes,507
507,821,Quercus_Chrysolepis,508
508,822,Quercus_Suber,509
509,823,Quercus_Texana,510
510,824,Quercus_Ellipsoidalis,511
511,825,Quercus_Castaneifolia,512
512,826,Quercus_Canariensis,513
513,827,Liquidambar_Styraciflua,514
514,828,Quercus_x_Hispanica,515
515,831,Cotinus_Coggygria,516
516,837,Cornus_Macrophylla,517
517,838,Viburnum_Tinus,518
518,839,Alnus_Cordata,519
519,840,Quercus_Coccifera,520
520,841,Quercus_Coccinea,521
521,844,Eucalyptus_Glaucescens,522
522,847,Salix_Fragilis,523
523,848,Quercus_Canariensis,524
524,849,Quercus_Alnifolia,525
525,850,Quercus_Vulcanica,526
526,851,Quercus_Infectoria_sub,527
527,852,Quercus_Kewensis,528
528,853,Acer_Rufinerve,529
529,854,Magnolia_Heptapeta,530
530,855,Ulmus_Bergmanniana,531
531,856,Magnolia_Heptapeta,532
532,858,Quercus_Texana,533
533,859,Prunus_X_Shmittii,534
534,860,Quercus_Pontica,535
535,861,Quercus_Alnifolia,536
536,862,Quercus_Pontica,537
537,863,Quercus_Castaneifolia,538
538,864,Acer_Saccharinum,539
539,865,Prunus_Avium,540
540,866,Quercus_Variabilis,541
541,867,Sorbus_Aria,542
542,868,Alnus_Rubra,543
543,869,Viburnum_Tinus,544
544,870,Quercus_Texana,545
545,871,Quercus_Greggii,546
546,873,Acer_Rubrum,547
547,874,Magnolia_Salicifolia,548
548,875,Quercus_Phillyraeoides,549
549,876,Quercus_Rhysophylla,550
550,877,Alnus_Maximowiczii,551
551,878,Liriodendron_Tulipifera,552
552,879,Quercus_Infectoria_sub,553
553,881,Cornus_Controversa,554
554,882,Eucalyptus_Glaucescens,555
555,883,Populus_Nigra,556
556,885,Quercus_Pubescens,557
557,886,Phildelphus,558
558,892,Acer_Mono,559
559,893,Alnus_Maximowiczii,560
560,894,Prunus_Avium,561
561,896,Quercus_Brantii,562
562,897,Quercus_Cerris,563
563,898,Quercus_Dolicholepis,564
564,899,Quercus_Dolicholepis,565
565,900,Quercus_Shumardii,566
566,901,Quercus_Cerris,567
567,904,Eucalyptus_Urnigera,568
568,906,Acer_Opalus,569
569,907,Rhododendron_x_Russellianum,570
570,908,Lithocarpus_Cleistocarpus,571
571,910,Ilex_Aquifolium,572
572,911,Quercus_Phillyraeoides,573
573,912,Quercus_Pyrenaica,574
574,914,Cercis_Siliquastrum,575
575,915,Acer_Pictum,576
576,916,Quercus_Pyrenaica,577
577,917,Quercus_x_Turneri,578
578,918,Quercus_Infectoria_sub,579
579,919,Quercus_Trojana,580
580,920,Quercus_Dolicholepis,581
581,923,Quercus_Chrysolepis,582
582,924,Prunus_Avium,583
583,926,Castanea_Sativa,584
584,927,Rhododendron_x_Russellianum,585
585,928,Viburnum_Tinus,586
586,931,Olea_Europaea,587
587,932,Cornus_Controversa,588
588,933,Populus_Adenopoda,589
589,934,Quercus_x_Turneri,590
590,936,Quercus_Texana,591
591,937,Pterocarya_Stenoptera,592
592,938,Quercus_Ellipsoidalis,593
593,939,Cornus_Macrophylla,594
594,942,Tilia_Tomentosa,595
595,944,Quercus_Kewensis,596
596,948,Quercus_Canariensis,597
597,949,Acer_Pictum,598
598,951,Quercus_Semecarpifolia,599
599,952,Phildelphus,600
600,954,Alnus_Rubra,601
601,955,Quercus_Afares,602
602,956,Acer_Pictum,603
603,958,Quercus_Alnifolia,604
604,959,Tilia_Oliveri,605
605,960,Acer_Palmatum,606
606,961,Quercus_Variabilis,607
607,962,Acer_Circinatum,608
608,963,Ilex_Aquifolium,609
609,966,Pterocarya_Stenoptera,610
610,968,Crataegus_Monogyna,611
611,969,Callicarpa_Bodinieri,612
612,970,Populus_Adenopoda,613
613,971,Alnus_Sieboldiana,614
614,972,Cornus_Macrophylla,615
615,975,Quercus_Phillyraeoides,616
616,976,Salix_Fragilis,617
617,978,Quercus_Rubra,618
618,979,Quercus_Imbricaria,619
619,981,Morus_Nigra,620
620,983,Alnus_Maximowiczii,621
621,985,Populus_Nigra,622
622,987,Prunus_Avium,623
623,989,Quercus_Kewensis,624
624,990,Acer_Capillipes,625
625,992,Callicarpa_Bodinieri,626
626,993,Zelkova_Serrata,627
627,994,Populus_Adenopoda,628
628,995,Quercus_Vulcanica,629
629,996,Eucalyptus_Neglecta,630
630,999,Quercus_Brantii,631
631,1000,Acer_Circinatum,632
632,1001,Populus_Grandidentata,633
633,1002,Acer_Opalus,634
634,1003,Acer_Saccharinum,635
635,1004,Alnus_Sieboldiana,636
636,1005,Acer_Mono,637
637,1006,Quercus_Ilex,638
638,1007,Quercus_Coccinea,639
639,1010,Quercus_Semecarpifolia,640
640,1011,Acer_Platanoids,641
641,1013,Betula_Pendula,642
642,1014,Phildelphus,643
643,1016,Quercus_Trojana,644
644,1017,Crataegus_Monogyna,645
645,1019,Acer_Circinatum,646
646,1021,Alnus_Rubra,647
647,1023,Pterocarya_Stenoptera,648
648,1024,Quercus_Palustris,649
649,1025,Salix_Fragilis,650
650,1027,Quercus_Coccifera,651
651,1030,Tilia_Platyphyllos,652
652,1031,Magnolia_Heptapeta,653
653,1032,Olea_Europaea,654
654,1034,Arundinaria_Simonii,655
655,1036,Lithocarpus_Edulis,656
656,1037,Quercus_Castaneifolia,657
657,1039,Arundinaria_Simonii,658
658,1040,Tilia_Platyphyllos,659
659,1041,Acer_Palmatum,660
660,1042,Salix_Intergra,661
661,1046,Rhododendron_x_Russellianum,662
662,1048,Quercus_Castaneifolia,663
663,1049,Magnolia_Salicifolia,664
664,1051,Quercus_Castaneifolia,665
665,1052,Betula_Pendula,666
666,1056,Ilex_Cornuta,667
667,1059,Tilia_Tomentosa,668
668,1061,Quercus_Chrysolepis,669
669,1062,Tilia_Oliveri,670
670,1065,Quercus_Suber,671
671,1066,Crataegus_Monogyna,672
672,1072,Quercus_Crassifolia,673
673,1073,Salix_Fragilis,674
674,1076,Pterocarya_Stenoptera,675
675,1077,Salix_Fragilis,676
676,1080,Eucalyptus_Urnigera,677
677,1081,Quercus_Hartwissiana,678
678,1083,Quercus_Coccifera,679
679,1085,Acer_Palmatum,680
680,1087,Castanea_Sativa,681
681,1088,Acer_Palmatum,682
682,1089,Quercus_Pyrenaica,683
683,1090,Quercus_Pontica,684
684,1093,Quercus_Palustris,685
685,1094,Cercis_Siliquastrum,686
686,1095,Quercus_Canariensis,687
687,1096,Alnus_Sieboldiana,688
688,1097,Betula_Austrosinensis,689
689,1098,Quercus_Phellos,690
690,1100,Quercus_Infectoria_sub,691
691,1101,Quercus_Dolicholepis,692
692,1110,Quercus_Crassipes,693
693,1112,Cotinus_Coggygria,694
694,1113,Quercus_Phellos,695
695,1117,Acer_Rubrum,696
696,1118,Alnus_Rubra,697
697,1119,Callicarpa_Bodinieri,698
698,1120,Quercus_Rhysophylla,699
699,1121,Salix_Intergra,700
700,1123,Quercus_Dolicholepis,701
701,1124,Alnus_Viridis,702
702,1125,Acer_Opalus,703
703,1128,Quercus_Rubra,704
704,1130,Quercus_Hartwissiana,705
705,1131,Lithocarpus_Cleistocarpus,706
706,1132,Cytisus_Battandieri,707
707,1134,Quercus_Afares,708
708,1135,Ulmus_Bergmanniana,709
709,1136,Zelkova_Serrata,710
710,1142,Quercus_Crassifolia,711
711,1144,Quercus_Phellos,712
712,1145,Quercus_Coccifera,713
713,1147,Lithocarpus_Edulis,714
714,1148,Quercus_x_Turneri,715
715,1152,Tilia_Platyphyllos,716
716,1153,Castanea_Sativa,717
717,1154,Acer_Rubrum,718
718,1156,Quercus_Trojana,719
719,1157,Quercus_Afares,720
720,1159,Acer_Opalus,721
721,1160,Sorbus_Aria,722
722,1163,Quercus_Rhysophylla,723
723,1165,Acer_Rubrum,724
724,1166,Quercus_Greggii,725
725,1167,Quercus_Crassipes,726
726,1168,Quercus_Kewensis,727
727,1169,Cornus_Controversa,728
728,1170,Quercus_Pyrenaica,729
729,1171,Quercus_Hartwissiana,730
730,1172,Prunus_X_Shmittii,731
731,1173,Morus_Nigra,732
732,1174,Tilia_Oliveri,733
733,1175,Celtis_Koraiensis,734
734,1176,Sorbus_Aria,735
735,1179,Callicarpa_Bodinieri,736
736,1180,Quercus_Nigra,737
737,1182,Acer_Saccharinum,738
738,1184,Acer_Saccharinum,739
739,1186,Eucalyptus_Neglecta,740
740,1187,Quercus_Vulcanica,741
741,1194,Quercus_Imbricaria,742
742,1196,Acer_Capillipes,743
743,1197,Liquidambar_Styraciflua,744
744,1198,Zelkova_Serrata,745
745,1200,Sorbus_Aria,746
746,1201,Salix_Intergra,747
747,1202,Fagus_Sylvatica,748
748,1205,Quercus_Brantii,749
749,1206,Magnolia_Heptapeta,750
750,1208,Cornus_Macrophylla,751
751,1210,Quercus_Vulcanica,752
752,1211,Viburnum_Tinus,753
753,1213,Betula_Pendula,754
754,1216,Acer_Rubrum,755
755,1217,Alnus_Maximowiczii,756
756,1218,Viburnum_Tinus,757
757,1219,Magnolia_Heptapeta,758
758,1220,Quercus_Cerris,759
759,1221,Salix_Intergra,760
760,1222,Quercus_Semecarpifolia,761
761,1223,Populus_Grandidentata,762
762,1225,Quercus_Greggii,763
763,1226,Viburnum_x_Rhytidophylloides,764
764,1228,Morus_Nigra,765
765,1229,Castanea_Sativa,766
766,1231,Quercus_Pontica,767
767,1232,Alnus_Maximowiczii,768
768,1235,Alnus_Cordata,769
769,1236,Quercus_Dolicholepis,770
770,1238,Ulmus_Bergmanniana,771
771,1239,Eucalyptus_Glaucescens,772
772,1240,Viburnum_Tinus,773
773,1242,Alnus_Cordata,774
774,1243,Acer_Rubrum,775
775,1244,Quercus_Infectoria_sub,776
776,1245,Acer_Rubrum,777
777,1249,Tilia_Platyphyllos,778
778,1250,Ilex_Cornuta,779
779,1251,Olea_Europaea,780
780,1253,Quercus_Infectoria_sub,781
781,1254,Morus_Nigra,782
782,1255,Alnus_Viridis,783
783,1256,Cornus_Chinensis,784
784,1257,Quercus_Coccifera,785
785,1258,Alnus_Rubra,786
786,1262,Quercus_Palustris,787
787,1263,Cytisus_Battandieri,788
788,1265,Zelkova_Serrata,789
789,1268,Quercus_Phellos,790
790,1269,Sorbus_Aria,791
791,1270,Acer_Opalus,792
792,1271,Phildelphus,793
793,1273,Castanea_Sativa,794
794,1275,Quercus_Crassipes,795
795,1276,Quercus_Pubescens,796
796,1277,Celtis_Koraiensis,797
797,1278,Quercus_Suber,798
798,1281,Quercus_Ellipsoidalis,799
799,1282,Quercus_Imbricaria,800
800,1283,Quercus_Cerris,801
801,1284,Crataegus_Monogyna,802
802,1286,Prunus_Avium,803
803,1287,Alnus_Maximowiczii,804
804,1289,Fagus_Sylvatica,805
805,1291,Quercus_Chrysolepis,806
806,1292,Quercus_Dolicholepis,807
807,1294,Quercus_Ilex,808
808,1296,Castanea_Sativa,809
809,1299,Quercus_Pubescens,810
810,1300,Viburnum_x_Rhytidophylloides,811
811,1301,Tilia_Tomentosa,812
812,1302,Alnus_Sieboldiana,813
813,1305,Quercus_Pubescens,814
814,1308,Ulmus_Bergmanniana,815
815,1309,Ginkgo_Biloba,816
816,1310,Quercus_Afares,817
817,1311,Viburnum_x_Rhytidophylloides,818
818,1312,Quercus_Alnifolia,819
819,1317,Quercus_x_Turneri,820
820,1319,Ginkgo_Biloba,821
821,1320,Acer_Opalus,822
822,1322,Prunus_Avium,823
823,1323,Quercus_Rhysophylla,824
824,1324,Prunus_X_Shmittii,825
825,1325,Ilex_Aquifolium,826
826,1326,Quercus_Phillyraeoides,827
827,1327,Quercus_Greggii,828
828,1328,Pterocarya_Stenoptera,829
829,1329,Quercus_Infectoria_sub,830
830,1330,Phildelphus,831
831,1335,Tilia_Tomentosa,832
832,1337,Quercus_Rhysophylla,833
833,1339,Quercus_Infectoria_sub,834
834,1340,Prunus_Avium,835
835,1341,Quercus_Texana,836
836,1342,Acer_Mono,837
837,1344,Eucalyptus_Urnigera,838
838,1345,Cornus_Controversa,839
839,1346,Ilex_Aquifolium,840
840,1347,Ilex_Cornuta,841
841,1348,Quercus_Ilex,842
842,1349,Ilex_Aquifolium,843
843,1350,Liquidambar_Styraciflua,844
844,1352,Rhododendron_x_Russellianum,845
845,1353,Quercus_Infectoria_sub,846
846,1355,Cytisus_Battandieri,847
847,1356,Quercus_x_Turneri,848
848,1358,Quercus_Canariensis,849
849,1359,Quercus_Semecarpifolia,850
850,1360,Ilex_Cornuta,851
851,1365,Quercus_Imbricaria,852
852,1366,Quercus_Hartwissiana,853
853,1367,Callicarpa_Bodinieri,854
854,1370,Acer_Palmatum,855
855,1372,Crataegus_Monogyna,856
856,1373,Eucalyptus_Urnigera,857
857,1374,Quercus_Alnifolia,858
858,1375,Quercus_x_Hispanica,859
859,1377,Acer_Capillipes,860
860,1378,Eucalyptus_Neglecta,861
861,1379,Quercus_Shumardii,862
862,1380,Quercus_Imbricaria,863
863,1381,Ulmus_Bergmanniana,864
864,1384,Magnolia_Heptapeta,865
865,1386,Cotinus_Coggygria,866
866,1388,Quercus_Nigra,867
867,1390,Quercus_Coccifera,868
868,1391,Liquidambar_Styraciflua,869
869,1392,Cytisus_Battandieri,870
870,1393,Betula_Pendula,871
871,1394,Lithocarpus_Edulis,872
872,1395,Sorbus_Aria,873
873,1396,Alnus_Sieboldiana,874
874,1398,Cornus_Controversa,875
875,1399,Quercus_Rhysophylla,876
876,1402,Quercus_Semecarpifolia,877
877,1403,Quercus_Rhysophylla,878
878,1405,Cornus_Chinensis,879
879,1408,Pterocarya_Stenoptera,880
880,1410,Zelkova_Serrata,881
881,1411,Prunus_X_Shmittii,882
882,1413,Populus_Nigra,883
883,1414,Prunus_X_Shmittii,884
884,1417,Acer_Pictum,885
885,1419,Quercus_Ellipsoidalis,886
886,1420,Viburnum_x_Rhytidophylloides,887
887,1423,Quercus_Shumardii,888
888,1424,Quercus_Brantii,889
889,1425,Celtis_Koraiensis,890
890,1431,Cotinus_Coggygria,891
891,1432,Quercus_Rubra,892
892,1435,Alnus_Cordata,893
893,1436,Quercus_Hartwissiana,894
894,1438,Ilex_Aquifolium,895
895,1440,Morus_Nigra,896
896,1441,Quercus_Vulcanica,897
897,1442,Salix_Intergra,898
898,1443,Zelkova_Serrata,899
899,1444,Viburnum_x_Rhytidophylloides,900
900,1446,Quercus_Palustris,901
901,1448,Ulmus_Bergmanniana,902
902,1449,Quercus_Alnifolia,903
903,1450,Acer_Opalus,904
904,1452,Eucalyptus_Neglecta,905
905,1454,Quercus_Kewensis,906
906,1457,Quercus_Agrifolia,907
907,1459,Quercus_Nigra,908
908,1460,Cytisus_Battandieri,909
909,1461,Cornus_Chinensis,910
910,1463,Ilex_Cornuta,911
911,1467,Acer_Platanoids,912
912,1468,Prunus_X_Shmittii,913
913,1469,Quercus_Phellos,914
914,1471,Cercis_Siliquastrum,915
915,1472,Salix_Fragilis,916
916,1473,Betula_Pendula,917
917,1474,Viburnum_x_Rhytidophylloides,918
918,1475,Quercus_Phellos,919
919,1476,Quercus_Shumardii,920
920,1477,Alnus_Cordata,921
921,1479,Quercus_Chrysolepis,922
922,1480,Quercus_Greggii,923
923,1482,Tilia_Oliveri,924
924,1483,Lithocarpus_Edulis,925
925,1488,Arundinaria_Simonii,926
926,1491,Quercus_Phillyraeoides,927
927,1492,Quercus_x_Turneri,928
928,1494,Quercus_Phillyraeoides,929
929,1496,Prunus_X_Shmittii,930
930,1499,Olea_Europaea,931
931,1500,Quercus_Texana,932
932,1501,Ilex_Aquifolium,933
933,1502,Quercus_Cerris,934
934,1504,Acer_Opalus,935
935,1505,Olea_Europaea,936
936,1506,Acer_Circinatum,937
937,1507,Quercus_Brantii,938
938,1508,Quercus_Castaneifolia,939
939,1509,Salix_Intergra,940
940,1511,Castanea_Sativa,941
941,1512,Acer_Platanoids,942
942,1514,Eucalyptus_Urnigera,943
943,1515,Quercus_x_Hispanica,944
944,1516,Quercus_Greggii,945
945,1518,Pterocarya_Stenoptera,946
946,1519,Acer_Mono,947
947,1520,Acer_Rufinerve,948
948,1521,Populus_Grandidentata,949
949,1523,Quercus_Pyrenaica,950
950,1524,Tilia_Oliveri,951
951,1525,Acer_Capillipes,952
952,1527,Cornus_Controversa,953
953,1529,Quercus_Kewensis,954
954,1530,Quercus_Coccinea,955
955,1531,Quercus_Shumardii,956
956,1532,Salix_Intergra,957
957,1536,Ginkgo_Biloba,958
958,1538,Acer_Pictum,959
959,1539,Quercus_Coccinea,960
960,1541,Quercus_Vulcanica,961
961,1543,Salix_Fragilis,962
962,1544,Tilia_Tomentosa,963
963,1545,Populus_Grandidentata,964
964,1547,Prunus_X_Shmittii,965
965,1548,Quercus_x_Hispanica,966
966,1549,Quercus_Suber,967
967,1550,Alnus_Viridis,968
968,1551,Acer_Palmatum,969
969,1552,Quercus_Rhysophylla,970
970,1554,Quercus_Cerris,971
971,1555,Quercus_Texana,972
972,1556,Acer_Mono,973
973,1557,Quercus_Vulcanica,974
974,1559,Quercus_Nigra,975
975,1561,Rhododendron_x_Russellianum,976
976,1562,Acer_Capillipes,977
977,1563,Quercus_Pubescens,978
978,1566,Alnus_Viridis,979
979,1568,Quercus_x_Hispanica,980
980,1569,Quercus_Suber,981
981,1570,Viburnum_x_Rhytidophylloides,982
982,1571,Quercus_Nigra,983
983,1572,Quercus_Phellos,984
984,1574,Ilex_Cornuta,985
985,1575,Magnolia_Salicifolia,986
986,1578,Acer_Pictum,987
987,1581,Alnus_Maximowiczii,988
988,1582,Quercus_Rubra,989
989,1584,Quercus_Afares,990
