Index,ID,Species
2677,2677.jpg,Alnus_Rubra
1497,1497.jpg,Quercus_Crassipes
985,985.jpg,Ilex_Cornuta
1501,1501.jpg,Quercus_Ellipsoidalis
3335,3335.jpg,Ilex_Aquifolium
2850,2850.jpg,Cytisus_Battandieri
1781,1781.jpg,Sorbus_Aria
3093,3093.jpg,Crataegus_Monogyna
2102,2102.jpg,Cornus_Macrophylla
3869,3869.jpg,Zelkova_Serrata
2518,2518.jpg,Quercus_Castaneifolia
405,405.jpg,Alnus_Maximowiczii
647,647.jpg,Alnus_Rubra
2626,2626.jpg,Acer_Circinatum
3726,3726.jpg,Alnus_Maximowiczii
1001,1001.jpg,Zelkova_Serrata
3431,3431.jpg,Acer_Platanoids
3378,3378.jpg,Salix_Intergra
1521,1521.jpg,Ulmus_Bergmanniana
1581,1581.jpg,Quercus_Texana
1118,1118.jpg,Quercus_Castaneifolia
1552,1552.jpg,Quercus_Brantii
1301,1301.jpg,Quercus_Alnifolia
3300,3300.jpg,Prunus_X_Shmittii
3559,3559.jpg,Populus_Adenopoda
2743,2743.jpg,Quercus_Greggii
1004,1004.jpg,Quercus_Afares
1163,1163.jpg,Morus_Nigra
1176,1176.jpg,Acer_Palmatum
3082,3082.jpg,Acer_Capillipes
1668,1668.jpg,Quercus_Hartwissiana
3070,3070.jpg,Betula_Austrosinensis
3802,3802.jpg,Tilia_Tomentosa
1976,1976.jpg,Magnolia_Salicifolia
414,414.jpg,Cornus_Macrophylla
623,623.jpg,Prunus_Avium
1712,1712.jpg,Sorbus_Aria
2430,2430.jpg,Cornus_Chinensis
1209,1209.jpg,Populus_Adenopoda
3537,3537.jpg,Quercus_Cerris
724,724.jpg,Acer_Rubrum
498,498.jpg,Ginkgo_Biloba
1572,1572.jpg,Quercus_Chrysolepis
3101,3101.jpg,Acer_Circinatum
1937,1937.jpg,Acer_Mono
55,55.jpg,Quercus_Trojana
2946,2946.jpg,Quercus_x_Hispanica
3341,3341.jpg,Acer_Capillipes
3790,3790.jpg,Quercus_x_Turneri
1417,1417.jpg,Acer_Rubrum
2369,2369.jpg,Ulmus_Bergmanniana
3184,3184.jpg,Acer_Pictum
2544,2544.jpg,Quercus_Dolicholepis
3883,3883.jpg,Prunus_X_Shmittii
3895,3895.jpg,Lithocarpus_Edulis
928,928.jpg,Quercus_x_Turneri
134,134.jpg,Tilia_Platyphyllos
3683,3683.jpg,Quercus_Coccifera
2876,2876.jpg,Morus_Nigra
3787,3787.jpg,Quercus_Afares
798,798.jpg,Quercus_Suber
3387,3387.jpg,Salix_Intergra
45,45.jpg,Cornus_Controversa
3454,3454.jpg,Viburnum_Tinus
2612,2612.jpg,Acer_Circinatum
2461,2461.jpg,Quercus_Ellipsoidalis
75,75.jpg,Quercus_Palustris
3501,3501.jpg,Ulmus_Bergmanniana
3413,3413.jpg,Quercus_Nigra
3943,3943.jpg,Acer_Mono
3355,3355.jpg,Quercus_Coccifera
2419,2419.jpg,Zelkova_Serrata
486,486.jpg,Ilex_Cornuta
319,319.jpg,Phildelphus
1749,1749.jpg,Quercus_Cerris
1982,1982.jpg,Pterocarya_Stenoptera
838,838.jpg,Eucalyptus_Urnigera
2183,2183.jpg,Quercus_Ellipsoidalis
2038,2038.jpg,Cercis_Siliquastrum
2521,2521.jpg,Quercus_Variabilis
2898,2898.jpg,Viburnum_x_Rhytidophylloides
1172,1172.jpg,Quercus_Trojana
3804,3804.jpg,Quercus_Infectoria_sub
2938,2938.jpg,Ginkgo_Biloba
582,582.jpg,Quercus_Chrysolepis
1495,1495.jpg,Quercus_Suber
528,528.jpg,Quercus_Kewensis
3293,3293.jpg,Quercus_x_Hispanica
468,468.jpg,Pterocarya_Stenoptera
1912,1912.jpg,Quercus_Chrysolepis
1317,1317.jpg,Zelkova_Serrata
1218,1218.jpg,Quercus_Crassifolia
3900,3900.jpg,Prunus_X_Shmittii
485,485.jpg,Alnus_Sieboldiana
583,583.jpg,Prunus_Avium
1550,1550.jpg,Alnus_Maximowiczii
1151,1151.jpg,Quercus_x_Turneri
274,274.jpg,Quercus_Brantii
2352,2352.jpg,Cornus_Controversa
3370,3370.jpg,Populus_Adenopoda
1346,1346.jpg,Lithocarpus_Cleistocarpus
3572,3572.jpg,Quercus_Afares
3007,3007.jpg,Cercis_Siliquastrum
670,670.jpg,Tilia_Oliveri
1561,1561.jpg,Lithocarpus_Cleistocarpus
1892,1892.jpg,Ulmus_Bergmanniana
2416,2416.jpg,Sorbus_Aria
1087,1087.jpg,Celtis_Koraiensis
19,19.jpg,Quercus_Pubescens
172,172.jpg,Quercus_Pubescens
2965,2965.jpg,Ilex_Cornuta
1048,1048.jpg,Cercis_Siliquastrum
2224,2224.jpg,Lithocarpus_Edulis
888,888.jpg,Quercus_Shumardii
1593,1593.jpg,Acer_Pictum
111,111.jpg,Arundinaria_Simonii
947,947.jpg,Acer_Mono
1705,1705.jpg,Quercus_x_Turneri
1251,1251.jpg,Quercus_Pontica
1861,1861.jpg,Betula_Pendula
3894,3894.jpg,Tilia_Oliveri
3830,3830.jpg,Acer_Capillipes
1198,1198.jpg,Quercus_Palustris
2857,2857.jpg,Quercus_Semecarpifolia
3112,3112.jpg,Ilex_Aquifolium
3546,3546.jpg,Acer_Pictum
3887,3887.jpg,Betula_Pendula
1094,1094.jpg,Alnus_Cordata
987,987.jpg,Acer_Pictum
1448,1448.jpg,Magnolia_Salicifolia
884,884.jpg,Prunus_X_Shmittii
2358,2358.jpg,Betula_Pendula
620,620.jpg,Morus_Nigra
2875,2875.jpg,Ilex_Aquifolium
1232,1232.jpg,Acer_Platanoids
1964,1964.jpg,Quercus_Vulcanica
208,208.jpg,Quercus_Palustris
3699,3699.jpg,Quercus_Pyrenaica
1491,1491.jpg,Magnolia_Heptapeta
2710,2710.jpg,Quercus_Hartwissiana
3375,3375.jpg,Alnus_Maximowiczii
374,374.jpg,Lithocarpus_Edulis
152,152.jpg,Quercus_Imbricaria
3136,3136.jpg,Eucalyptus_Glaucescens
276,276.jpg,Populus_Adenopoda
1656,1656.jpg,Betula_Pendula
2724,2724.jpg,Liquidambar_Styraciflua
79,79.jpg,Quercus_Canariensis
2465,2465.jpg,Alnus_Sieboldiana
1062,1062.jpg,Liquidambar_Styraciflua
2002,2002.jpg,Quercus_Variabilis
1018,1018.jpg,Cornus_Chinensis
474,474.jpg,Castanea_Sativa
2045,2045.jpg,Quercus_Semecarpifolia
2013,2013.jpg,Tilia_Tomentosa
1332,1332.jpg,Populus_Grandidentata
2437,2437.jpg,Magnolia_Salicifolia
113,113.jpg,Quercus_Kewensis
3601,3601.jpg,Quercus_Brantii
2640,2640.jpg,Acer_Palmatum
3439,3439.jpg,Acer_Saccharinum
1260,1260.jpg,Quercus_Shumardii
1634,1634.jpg,Quercus_Trojana
2474,2474.jpg,Quercus_Hartwissiana
2433,2433.jpg,Sorbus_Aria
923,923.jpg,Quercus_Greggii
470,470.jpg,Callicarpa_Bodinieri
1965,1965.jpg,Quercus_Nigra
2600,2600.jpg,Morus_Nigra
3097,3097.jpg,Acer_Capillipes
527,527.jpg,Quercus_Infectoria_sub
2406,2406.jpg,Ilex_Cornuta
155,155.jpg,Acer_Circinatum
986,986.jpg,Magnolia_Salicifolia
2260,2260.jpg,Quercus_Pyrenaica
3745,3745.jpg,Acer_Rubrum
1073,1073.jpg,Prunus_Avium
267,267.jpg,Betula_Austrosinensis
2249,2249.jpg,Quercus_Ellipsoidalis
2253,2253.jpg,Quercus_Pontica
2642,2642.jpg,Rhododendron_x_Russellianum
1514,1514.jpg,Quercus_Canariensis
1038,1038.jpg,Quercus_Alnifolia
259,259.jpg,Liriodendron_Tulipifera
2168,2168.jpg,Quercus_Chrysolepis
1613,1613.jpg,Prunus_Avium
759,759.jpg,Quercus_Cerris
329,329.jpg,Quercus_Ilex
1507,1507.jpg,Cornus_Macrophylla
1454,1454.jpg,Cornus_Controversa
558,558.jpg,Phildelphus
3611,3611.jpg,Acer_Platanoids
1553,1553.jpg,Quercus_Cerris
2613,2613.jpg,Populus_Grandidentata
1519,1519.jpg,Acer_Rufinerve
396,396.jpg,Tilia_Tomentosa
2739,2739.jpg,Quercus_Cerris
1799,1799.jpg,Castanea_Sativa
3391,3391.jpg,Eucalyptus_Glaucescens
1110,1110.jpg,Quercus_Dolicholepis
3512,3512.jpg,Sorbus_Aria
554,554.jpg,Cornus_Controversa
2382,2382.jpg,Eucalyptus_Urnigera
1044,1044.jpg,Quercus_Suber
501,501.jpg,Magnolia_Heptapeta
3239,3239.jpg,Quercus_Ellipsoidalis
2999,2999.jpg,Quercus_Phillyraeoides
3049,3049.jpg,Quercus_Canariensis
3175,3175.jpg,Lithocarpus_Cleistocarpus
219,219.jpg,Populus_Adenopoda
3576,3576.jpg,Acer_Palmatum
2678,2678.jpg,Callicarpa_Bodinieri
2963,2963.jpg,Quercus_Nigra
2429,2429.jpg,Quercus_Ilex
2117,2117.jpg,Cercis_Siliquastrum
1398,1398.jpg,Salix_Intergra
350,350.jpg,Cytisus_Battandieri
1393,1393.jpg,Viburnum_x_Rhytidophylloides
812,812.jpg,Tilia_Tomentosa
3074,3074.jpg,Alnus_Cordata
348,348.jpg,Acer_Capillipes
2619,2619.jpg,Quercus_Coccinea
1254,1254.jpg,Fagus_Sylvatica
1194,1194.jpg,Quercus_x_Hispanica
2003,2003.jpg,Alnus_Sieboldiana
3647,3647.jpg,Eucalyptus_Urnigera
3589,3589.jpg,Quercus_Imbricaria
1816,1816.jpg,Ilex_Aquifolium
1773,1773.jpg,Alnus_Viridis
1543,1543.jpg,Quercus_Infectoria_sub
1947,1947.jpg,Salix_Intergra
1847,1847.jpg,Eucalyptus_Urnigera
803,803.jpg,Prunus_Avium
380,380.jpg,Fagus_Sylvatica
2441,2441.jpg,Acer_Platanoids
766,766.jpg,Castanea_Sativa
1380,1380.jpg,Tilia_Platyphyllos
2737,2737.jpg,Viburnum_Tinus
3318,3318.jpg,Acer_Capillipes
1434,1434.jpg,Quercus_Pontica
3619,3619.jpg,Quercus_Palustris
1122,1122.jpg,Populus_Grandidentata
3159,3159.jpg,Quercus_Variabilis
3847,3847.jpg,Quercus_Semecarpifolia
3382,3382.jpg,Quercus_Chrysolepis
2988,2988.jpg,Acer_Palmatum
702,702.jpg,Alnus_Viridis
3463,3463.jpg,Cornus_Chinensis
3762,3762.jpg,Acer_Opalus
3453,3453.jpg,Quercus_Greggii
2940,2940.jpg,Quercus_Coccinea
3352,3352.jpg,Alnus_Cordata
3859,3859.jpg,Quercus_Brantii
2078,2078.jpg,Quercus_Semecarpifolia
2181,2181.jpg,Betula_Austrosinensis
2874,2874.jpg,Quercus_Hartwissiana
966,966.jpg,Quercus_x_Hispanica
3523,3523.jpg,Quercus_Infectoria_sub
3100,3100.jpg,Lithocarpus_Edulis
3313,3313.jpg,Magnolia_Salicifolia
3171,3171.jpg,Betula_Austrosinensis
1542,1542.jpg,Liriodendron_Tulipifera
1939,1939.jpg,Populus_Grandidentata
1629,1629.jpg,Quercus_Coccinea
2395,2395.jpg,Eucalyptus_Glaucescens
3904,3904.jpg,Quercus_Cerris
3558,3558.jpg,Cornus_Controversa
712,712.jpg,Quercus_Phellos
2558,2558.jpg,Quercus_x_Turneri
2422,2422.jpg,Liriodendron_Tulipifera
174,174.jpg,Quercus_x_Turneri
3472,3472.jpg,Acer_Pictum
890,890.jpg,Celtis_Koraiensis
2689,2689.jpg,Ulmus_Bergmanniana
867,867.jpg,Quercus_Nigra
301,301.jpg,Alnus_Rubra
302,302.jpg,Quercus_Brantii
1864,1864.jpg,Alnus_Sieboldiana
1637,1637.jpg,Alnus_Rubra
2822,2822.jpg,Quercus_Ilex
2198,2198.jpg,Crataegus_Monogyna
1031,1031.jpg,Quercus_Variabilis
2666,2666.jpg,Cercis_Siliquastrum
2728,2728.jpg,Fagus_Sylvatica
1458,1458.jpg,Pterocarya_Stenoptera
2602,2602.jpg,Populus_Nigra
2423,2423.jpg,Quercus_Nigra
1366,1366.jpg,Lithocarpus_Edulis
1469,1469.jpg,Quercus_Ilex
1922,1922.jpg,Quercus_Texana
1106,1106.jpg,Quercus_Agrifolia
1092,1092.jpg,Quercus_Canariensis
227,227.jpg,Callicarpa_Bodinieri
3832,3832.jpg,Quercus_Shumardii
3361,3361.jpg,Acer_Rufinerve
2949,2949.jpg,Acer_Palmatum
3695,3695.jpg,Quercus_Greggii
1931,1931.jpg,Castanea_Sativa
3228,3228.jpg,Lithocarpus_Edulis
3263,3263.jpg,Quercus_Semecarpifolia
3665,3665.jpg,Quercus_Phellos
1147,1147.jpg,Quercus_Crassipes
643,643.jpg,Phildelphus
1287,1287.jpg,Acer_Mono
1312,1312.jpg,Cornus_Macrophylla
1325,1325.jpg,Morus_Nigra
1424,1424.jpg,Populus_Nigra
1949,1949.jpg,Acer_Pictum
3383,3383.jpg,Sorbus_Aria
2109,2109.jpg,Ilex_Cornuta
1043,1043.jpg,Quercus_Greggii
1335,1335.jpg,Quercus_Ellipsoidalis
1728,1728.jpg,Acer_Saccharinum
1425,1425.jpg,Acer_Rufinerve
1611,1611.jpg,Alnus_Maximowiczii
1885,1885.jpg,Ilex_Aquifolium
1788,1788.jpg,Quercus_Suber
1344,1344.jpg,Quercus_Crassipes
2688,2688.jpg,Quercus_Afares
427,427.jpg,Acer_Rubrum
2971,2971.jpg,Acer_Opalus
2798,2798.jpg,Viburnum_x_Rhytidophylloides
1460,1460.jpg,Callicarpa_Bodinieri
2069,2069.jpg,Ilex_Aquifolium
1622,1622.jpg,Acer_Circinatum
1666,1666.jpg,Salix_Fragilis
974,974.jpg,Quercus_Vulcanica
2606,2606.jpg,Callicarpa_Bodinieri
3637,3637.jpg,Ilex_Cornuta
3639,3639.jpg,Quercus_Chrysolepis
1745,1745.jpg,Acer_Rubrum
3853,3853.jpg,Populus_Nigra
2302,2302.jpg,Cornus_Macrophylla
3666,3666.jpg,Acer_Rubrum
1175,1175.jpg,Quercus_Vulcanica
576,576.jpg,Acer_Pictum
3805,3805.jpg,Prunus_Avium
2888,2888.jpg,Quercus_Nigra
2641,2641.jpg,Salix_Intergra
3277,3277.jpg,Liriodendron_Tulipifera
3707,3707.jpg,Quercus_Nigra
3544,3544.jpg,Quercus_Pyrenaica
2992,2992.jpg,Quercus_Variabilis
272,272.jpg,Cornus_Chinensis
729,729.jpg,Quercus_Pyrenaica
133,133.jpg,Acer_Rubrum
3616,3616.jpg,Acer_Circinatum
2427,2427.jpg,Quercus_Nigra
96,96.jpg,Quercus_Chrysolepis
1958,1958.jpg,Alnus_Viridis
2726,2726.jpg,Sorbus_Aria
223,223.jpg,Quercus_Rhysophylla
2092,2092.jpg,Acer_Capillipes
2100,2100.jpg,Quercus_Dolicholepis
1829,1829.jpg,Cornus_Controversa
243,243.jpg,Tilia_Oliveri
3445,3445.jpg,Eucalyptus_Glaucescens
2091,2091.jpg,Arundinaria_Simonii
3751,3751.jpg,Quercus_Infectoria_sub
1935,1935.jpg,Quercus_Greggii
3749,3749.jpg,Ilex_Cornuta
3165,3165.jpg,Alnus_Viridis
64,64.jpg,Tilia_Oliveri
593,593.jpg,Quercus_Ellipsoidalis
31,31.jpg,Liriodendron_Tulipifera
650,650.jpg,Salix_Fragilis
732,732.jpg,Morus_Nigra
2342,2342.jpg,Quercus_Canariensis
1614,1614.jpg,Quercus_Kewensis
1639,1639.jpg,Quercus_Palustris
306,306.jpg,Acer_Mono
1225,1225.jpg,Quercus_Agrifolia
1029,1029.jpg,Celtis_Koraiensis
1661,1661.jpg,Quercus_Suber
3543,3543.jpg,Quercus_Phillyraeoides
1129,1129.jpg,Quercus_Pubescens
157,157.jpg,Quercus_Crassipes
3310,3310.jpg,Callicarpa_Bodinieri
3905,3905.jpg,Acer_Opalus
2139,2139.jpg,Quercus_Hartwissiana
2884,2884.jpg,Acer_Opalus
1624,1624.jpg,Acer_Opalus
2330,2330.jpg,Cytisus_Battandieri
1352,1352.jpg,Quercus_Canariensis
2500,2500.jpg,Quercus_Coccifera
3603,3603.jpg,Populus_Grandidentata
1447,1447.jpg,Magnolia_Salicifolia
1902,1902.jpg,Acer_Platanoids
132,132.jpg,Populus_Grandidentata
2264,2264.jpg,Arundinaria_Simonii
3091,3091.jpg,Acer_Mono
1933,1933.jpg,Eucalyptus_Urnigera
61,61.jpg,Quercus_Dolicholepis
196,196.jpg,Fagus_Sylvatica
1220,1220.jpg,Tilia_Oliveri
10,10.jpg,Salix_Fragilis
240,240.jpg,Cercis_Siliquastrum
77,77.jpg,Quercus_Alnifolia
1753,1753.jpg,Quercus_Greggii
826,826.jpg,Ilex_Aquifolium
449,449.jpg,Quercus_Ilex
1351,1351.jpg,Quercus_Afares
453,453.jpg,Sorbus_Aria
858,858.jpg,Quercus_Alnifolia
100,100.jpg,Betula_Austrosinensis
3178,3178.jpg,Quercus_Palustris
1258,1258.jpg,Quercus_Trojana
1537,1537.jpg,Acer_Rubrum
2495,2495.jpg,Quercus_x_Hispanica
205,205.jpg,Lithocarpus_Cleistocarpus
461,461.jpg,Acer_Platanoids
959,959.jpg,Acer_Pictum
3829,3829.jpg,Quercus_x_Hispanica
909,909.jpg,Cytisus_Battandieri
1627,1627.jpg,Acer_Mono
21,21.jpg,Quercus_Trojana
3626,3626.jpg,Lithocarpus_Edulis
3794,3794.jpg,Quercus_Rhysophylla
1851,1851.jpg,Eucalyptus_Neglecta
202,202.jpg,Olea_Europaea
459,459.jpg,Eucalyptus_Glaucescens
1828,1828.jpg,Eucalyptus_Urnigera
3181,3181.jpg,Alnus_Viridis
189,189.jpg,Quercus_Variabilis
384,384.jpg,Quercus_x_Hispanica
145,145.jpg,Acer_Saccharinum
250,250.jpg,Quercus_Palustris
2670,2670.jpg,Quercus_Phellos
3778,3778.jpg,Quercus_Ilex
621,621.jpg,Alnus_Maximowiczii
1655,1655.jpg,Quercus_Castaneifolia
1953,1953.jpg,Tilia_Tomentosa
304,304.jpg,Quercus_Imbricaria
1159,1159.jpg,Populus_Adenopoda
3465,3465.jpg,Quercus_Palustris
1594,1594.jpg,Quercus_Alnifolia
1015,1015.jpg,Arundinaria_Simonii
3390,3390.jpg,Tilia_Oliveri
1239,1239.jpg,Tilia_Platyphyllos
1431,1431.jpg,Crataegus_Monogyna
1651,1651.jpg,Salix_Intergra
2250,2250.jpg,Quercus_Shumardii
2277,2277.jpg,Acer_Mono
3424,3424.jpg,Quercus_Brantii
2243,2243.jpg,Ulmus_Bergmanniana
1576,1576.jpg,Viburnum_Tinus
2357,2357.jpg,Salix_Fragilis
335,335.jpg,Morus_Nigra
2202,2202.jpg,Alnus_Viridis
594,594.jpg,Cornus_Macrophylla
3660,3660.jpg,Quercus_Phellos
2654,2654.jpg,Salix_Fragilis
2532,2532.jpg,Liriodendron_Tulipifera
3173,3173.jpg,Quercus_Ellipsoidalis
522,522.jpg,Eucalyptus_Glaucescens
3709,3709.jpg,Acer_Saccharinum
3668,3668.jpg,Callicarpa_Bodinieri
1457,1457.jpg,Eucalyptus_Neglecta
1707,1707.jpg,Castanea_Sativa
2115,2115.jpg,Quercus_Cerris
225,225.jpg,Quercus_Shumardii
473,473.jpg,Quercus_Crassifolia
3932,3932.jpg,Salix_Fragilis
3561,3561.jpg,Quercus_Texana
872,872.jpg,Lithocarpus_Edulis
2966,2966.jpg,Magnolia_Salicifolia
3132,3132.jpg,Populus_Nigra
1606,1606.jpg,Quercus_Phillyraeoides
893,893.jpg,Alnus_Cordata
703,703.jpg,Acer_Opalus
2842,2842.jpg,Quercus_Shumardii
1672,1672.jpg,Acer_Palmatum
2510,2510.jpg,Magnolia_Heptapeta
2453,2453.jpg,Quercus_Crassifolia
1904,1904.jpg,Quercus_Phellos
2107,2107.jpg,Acer_Capillipes
2303,2303.jpg,Quercus_x_Hispanica
3910,3910.jpg,Salix_Intergra
929,929.jpg,Quercus_Phillyraeoides
2162,2162.jpg,Quercus_Trojana
1193,1193.jpg,Quercus_Ellipsoidalis
967,967.jpg,Quercus_Suber
36,36.jpg,Eucalyptus_Glaucescens
2391,2391.jpg,Phildelphus
2948,2948.jpg,Alnus_Viridis
1994,1994.jpg,Quercus_Afares
3588,3588.jpg,Quercus_Rubra
1998,1998.jpg,Acer_Palmatum
3687,3687.jpg,Castanea_Sativa
2618,2618.jpg,Quercus_Ilex
3417,3417.jpg,Quercus_Nigra
2790,2790.jpg,Quercus_Pubescens
1769,1769.jpg,Ilex_Cornuta
1274,1274.jpg,Arundinaria_Simonii
2793,2793.jpg,Alnus_Sieboldiana
3929,3929.jpg,Acer_Pictum
3876,3876.jpg,Quercus_Kewensis
3004,3004.jpg,Rhododendron_x_Russellianum
2920,2920.jpg,Salix_Intergra
1421,1421.jpg,Crataegus_Monogyna
3188,3188.jpg,Crataegus_Monogyna
2699,2699.jpg,Quercus_Trojana
52,52.jpg,Prunus_Avium
772,772.jpg,Eucalyptus_Glaucescens
1862,1862.jpg,Lithocarpus_Edulis
1318,1318.jpg,Liriodendron_Tulipifera
3873,3873.jpg,Quercus_Alnifolia
3271,3271.jpg,Alnus_Rubra
588,588.jpg,Cornus_Controversa
2945,2945.jpg,Prunus_X_Shmittii
861,861.jpg,Eucalyptus_Neglecta
404,404.jpg,Cornus_Chinensis
381,381.jpg,Quercus_Hartwissiana
3488,3488.jpg,Viburnum_Tinus
1058,1058.jpg,Ginkgo_Biloba
1860,1860.jpg,Cytisus_Battandieri
1135,1135.jpg,Acer_Saccharinum
171,171.jpg,Eucalyptus_Neglecta
2037,2037.jpg,Quercus_Coccifera
2230,2230.jpg,Quercus_Palustris
2519,2519.jpg,Acer_Saccharinum
807,807.jpg,Quercus_Dolicholepis
918,918.jpg,Viburnum_x_Rhytidophylloides
692,692.jpg,Quercus_Dolicholepis
1391,1391.jpg,Quercus_Pontica
2994,2994.jpg,Quercus_Ilex
1730,1730.jpg,Eucalyptus_Neglecta
1223,1223.jpg,Quercus_Rubra
1716,1716.jpg,Quercus_Crassipes
2837,2837.jpg,Eucalyptus_Urnigera
2821,2821.jpg,Ilex_Cornuta
1379,1379.jpg,Ulmus_Bergmanniana
3197,3197.jpg,Callicarpa_Bodinieri
3758,3758.jpg,Cytisus_Battandieri
3806,3806.jpg,Quercus_Texana
1412,1412.jpg,Quercus_Variabilis
39,39.jpg,Celtis_Koraiensis
3717,3717.jpg,Salix_Intergra
2669,2669.jpg,Betula_Austrosinensis
3346,3346.jpg,Lithocarpus_Edulis
3216,3216.jpg,Arundinaria_Simonii
3569,3569.jpg,Quercus_Semecarpifolia
2904,2904.jpg,Tilia_Oliveri
856,856.jpg,Crataegus_Monogyna
1848,1848.jpg,Quercus_Alnifolia
1735,1735.jpg,Zelkova_Serrata
2348,2348.jpg,Quercus_Coccinea
2691,2691.jpg,Quercus_Crassifolia
1353,1353.jpg,Lithocarpus_Cleistocarpus
857,857.jpg,Eucalyptus_Urnigera
82,82.jpg,Callicarpa_Bodinieri
3297,3297.jpg,Zelkova_Serrata
2036,2036.jpg,Liriodendron_Tulipifera
1271,1271.jpg,Betula_Pendula
119,119.jpg,Magnolia_Heptapeta
3118,3118.jpg,Fagus_Sylvatica
1801,1801.jpg,Viburnum_x_Rhytidophylloides
1826,1826.jpg,Quercus_Texana
3291,3291.jpg,Salix_Intergra
2657,2657.jpg,Eucalyptus_Urnigera
1956,1956.jpg,Quercus_x_Hispanica
680,680.jpg,Acer_Palmatum
2177,2177.jpg,Zelkova_Serrata
3138,3138.jpg,Viburnum_Tinus
2083,2083.jpg,Tilia_Platyphyllos
518,518.jpg,Viburnum_Tinus
1842,1842.jpg,Quercus_Imbricaria
3763,3763.jpg,Phildelphus
2248,2248.jpg,Quercus_Trojana
489,489.jpg,Liriodendron_Tulipifera
1007,1007.jpg,Phildelphus
2121,2121.jpg,Quercus_Pontica
1913,1913.jpg,Quercus_Greggii
2479,2479.jpg,Acer_Mono
3863,3863.jpg,Alnus_Cordata
1496,1496.jpg,Quercus_Castaneifolia
1640,1640.jpg,Salix_Fragilis
1628,1628.jpg,Quercus_Ilex
664,664.jpg,Magnolia_Salicifolia
2493,2493.jpg,Quercus_Canariensis
436,436.jpg,Sorbus_Aria
496,496.jpg,Quercus_Ilex
3609,3609.jpg,Quercus_Coccinea
1967,1967.jpg,Acer_Capillipes
1243,1243.jpg,Quercus_Rubra
3882,3882.jpg,Acer_Platanoids
809,809.jpg,Castanea_Sativa
3747,3747.jpg,Acer_Rubrum
654,654.jpg,Olea_Europaea
3926,3926.jpg,Quercus_Shumardii
2582,2582.jpg,Quercus_Afares
2381,2381.jpg,Quercus_Pontica
3108,3108.jpg,Quercus_Agrifolia
3467,3467.jpg,Alnus_Maximowiczii
185,185.jpg,Quercus_Vulcanica
3643,3643.jpg,Quercus_Crassifolia
1603,1603.jpg,Populus_Adenopoda
9,9.jpg,Quercus_Brantii
2604,2604.jpg,Quercus_Kewensis
2149,2149.jpg,Populus_Adenopoda
1996,1996.jpg,Fagus_Sylvatica
2757,2757.jpg,Acer_Rubrum
2308,2308.jpg,Liriodendron_Tulipifera
2967,2967.jpg,Acer_Pictum
793,793.jpg,Phildelphus
1869,1869.jpg,Cornus_Chinensis
1040,1040.jpg,Acer_Saccharinum
3679,3679.jpg,Ulmus_Bergmanniana
224,224.jpg,Alnus_Sieboldiana
1208,1208.jpg,Crataegus_Monogyna
2634,2634.jpg,Olea_Europaea
1216,1216.jpg,Quercus_x_Turneri
1626,1626.jpg,Alnus_Sieboldiana
2340,2340.jpg,Quercus_Rubra
248,248.jpg,Betula_Pendula
3308,3308.jpg,Cytisus_Battandieri
762,762.jpg,Populus_Grandidentata
956,956.jpg,Quercus_Shumardii
2442,2442.jpg,Quercus_Crassifolia
3566,3566.jpg,Quercus_Kewensis
3433,3433.jpg,Ulmus_Bergmanniana
649,649.jpg,Quercus_Palustris
2635,2635.jpg,Arundinaria_Simonii
1183,1183.jpg,Acer_Platanoids
2086,2086.jpg,Quercus_Coccinea
3130,3130.jpg,Quercus_Variabilis
1034,1034.jpg,Quercus_Coccifera
942,942.jpg,Acer_Platanoids
789,789.jpg,Zelkova_Serrata
1456,1456.jpg,Quercus_Afares
2796,2796.jpg,Ginkgo_Biloba
3456,3456.jpg,Ilex_Cornuta
1415,1415.jpg,Quercus_Vulcanica
1584,1584.jpg,Cornus_Macrophylla
2761,2761.jpg,Quercus_Infectoria_sub
2693,2693.jpg,Quercus_Coccifera
1817,1817.jpg,Quercus_Phillyraeoides
2671,2671.jpg,Quercus_Infectoria_sub
2625,2625.jpg,Crataegus_Monogyna
667,667.jpg,Ilex_Cornuta
720,720.jpg,Quercus_Afares
5,5.jpg,Quercus_Variabilis
3892,3892.jpg,Quercus_Chrysolepis
2848,2848.jpg,Quercus_Coccifera
3379,3379.jpg,Viburnum_Tinus
815,815.jpg,Ulmus_Bergmanniana
1795,1795.jpg,Fagus_Sylvatica
1402,1402.jpg,Quercus_Chrysolepis
3710,3710.jpg,Eucalyptus_Neglecta
1345,1345.jpg,Cercis_Siliquastrum
2733,2733.jpg,Viburnum_Tinus
2114,2114.jpg,Tilia_Platyphyllos
3360,3360.jpg,Tilia_Platyphyllos
3915,3915.jpg,Quercus_Greggii
1879,1879.jpg,Quercus_Brantii
2311,2311.jpg,Quercus_Phillyraeoides
1558,1558.jpg,Eucalyptus_Urnigera
2961,2961.jpg,Quercus_Suber
101,101.jpg,Ginkgo_Biloba
1473,1473.jpg,Quercus_Greggii
81,81.jpg,Quercus_Agrifolia
3063,3063.jpg,Quercus_Cerris
1138,1138.jpg,Fagus_Sylvatica
1586,1586.jpg,Quercus_Kewensis
2030,2030.jpg,Acer_Saccharinum
507,507.jpg,Quercus_Crassipes
3691,3691.jpg,Acer_Opalus
2221,2221.jpg,Acer_Rufinerve
2065,2065.jpg,Acer_Rufinerve
1962,1962.jpg,Quercus_Texana
3486,3486.jpg,Cotinus_Coggygria
67,67.jpg,Celtis_Koraiensis
3899,3899.jpg,Quercus_Phillyraeoides
961,961.jpg,Quercus_Vulcanica
971,971.jpg,Quercus_Cerris
532,532.jpg,Magnolia_Heptapeta
697,697.jpg,Alnus_Rubra
1578,1578.jpg,Cornus_Controversa
1010,1010.jpg,Populus_Adenopoda
787,787.jpg,Quercus_Palustris
2511,2511.jpg,Ulmus_Bergmanniana
28,28.jpg,Cornus_Chinensis
811,811.jpg,Viburnum_x_Rhytidophylloides
2341,2341.jpg,Quercus_Afares
2126,2126.jpg,Magnolia_Salicifolia
359,359.jpg,Castanea_Sativa
1280,1280.jpg,Alnus_Rubra
524,524.jpg,Quercus_Canariensis
2210,2210.jpg,Tilia_Oliveri
389,389.jpg,Ulmus_Bergmanniana
1708,1708.jpg,Acer_Rubrum
234,234.jpg,Morus_Nigra
2569,2569.jpg,Populus_Adenopoda
1013,1013.jpg,Alnus_Sieboldiana
2228,2228.jpg,Betula_Pendula
2648,2648.jpg,Tilia_Tomentosa
2470,2470.jpg,Quercus_Phellos
3646,3646.jpg,Salix_Fragilis
3012,3012.jpg,Quercus_Hartwissiana
1285,1285.jpg,Quercus_Kewensis
2611,2611.jpg,Quercus_Brantii
32,32.jpg,Cytisus_Battandieri
2259,2259.jpg,Tilia_Tomentosa
130,130.jpg,Lithocarpus_Edulis
1384,1384.jpg,Alnus_Viridis
3056,3056.jpg,Lithocarpus_Cleistocarpus
86,86.jpg,Lithocarpus_Cleistocarpus
1145,1145.jpg,Acer_Circinatum
2795,2795.jpg,Ulmus_Bergmanniana
3121,3121.jpg,Quercus_Palustris
3068,3068.jpg,Quercus_Semecarpifolia
950,950.jpg,Quercus_Pyrenaica
262,262.jpg,Quercus_Imbricaria
2153,2153.jpg,Morus_Nigra
2064,2064.jpg,Acer_Pictum
430,430.jpg,Quercus_Crassipes
490,490.jpg,Quercus_Phellos
3494,3494.jpg,Quercus_Canariensis
1388,1388.jpg,Acer_Rufinerve
898,898.jpg,Salix_Intergra
2366,2366.jpg,Olea_Europaea
429,429.jpg,Salix_Fragilis
2071,2071.jpg,Quercus_Coccinea
65,65.jpg,Quercus_Semecarpifolia
3620,3620.jpg,Salix_Fragilis
2675,2675.jpg,Quercus_Phellos
2586,2586.jpg,Acer_Palmatum
538,538.jpg,Quercus_Castaneifolia
2155,2155.jpg,Quercus_Imbricaria
1887,1887.jpg,Quercus_Vulcanica
3554,3554.jpg,Castanea_Sativa
2072,2072.jpg,Acer_Circinatum
3500,3500.jpg,Magnolia_Heptapeta
2553,2553.jpg,Quercus_Phillyraeoides
1966,1966.jpg,Rhododendron_x_Russellianum
3094,3094.jpg,Liquidambar_Styraciflua
3147,3147.jpg,Eucalyptus_Urnigera
13,13.jpg,Quercus_Pontica
454,454.jpg,Quercus_Brantii
2491,2491.jpg,Quercus_Ellipsoidalis
3385,3385.jpg,Eucalyptus_Glaucescens
182,182.jpg,Quercus_Trojana
2009,2009.jpg,Quercus_Phillyraeoides
2580,2580.jpg,Phildelphus
326,326.jpg,Ginkgo_Biloba
894,894.jpg,Quercus_Hartwissiana
2229,2229.jpg,Tilia_Platyphyllos
2120,2120.jpg,Quercus_Suber
3497,3497.jpg,Quercus_Infectoria_sub
3585,3585.jpg,Cornus_Macrophylla
2896,2896.jpg,Salix_Fragilis
2306,2306.jpg,Ginkgo_Biloba
1430,1430.jpg,Eucalyptus_Glaucescens
1694,1694.jpg,Quercus_Rubra
2261,2261.jpg,Betula_Pendula
1763,1763.jpg,Viburnum_Tinus
3261,3261.jpg,Quercus_Agrifolia
1064,1064.jpg,Quercus_Crassifolia
549,549.jpg,Quercus_Phillyraeoides
2214,2214.jpg,Morus_Nigra
2438,2438.jpg,Magnolia_Salicifolia
1690,1690.jpg,Salix_Intergra
1539,1539.jpg,Quercus_Phillyraeoides
3418,3418.jpg,Olea_Europaea
584,584.jpg,Castanea_Sativa
3861,3861.jpg,Cotinus_Coggygria
711,711.jpg,Quercus_Crassifolia
2716,2716.jpg,Callicarpa_Bodinieri
897,897.jpg,Quercus_Vulcanica
3303,3303.jpg,Quercus_Semecarpifolia
2456,2456.jpg,Eucalyptus_Urnigera
990,990.jpg,Quercus_Afares
3158,3158.jpg,Quercus_Chrysolepis
2193,2193.jpg,Cotinus_Coggygria
3732,3732.jpg,Populus_Grandidentata
1579,1579.jpg,Populus_Adenopoda
1944,1944.jpg,Quercus_Kewensis
3350,3350.jpg,Fagus_Sylvatica
2926,2926.jpg,Pterocarya_Stenoptera
3738,3738.jpg,Alnus_Maximowiczii
1084,1084.jpg,Acer_Circinatum
1566,1566.jpg,Acer_Pictum
941,941.jpg,Castanea_Sativa
3217,3217.jpg,Ginkgo_Biloba
431,431.jpg,Crataegus_Monogyna
3551,3551.jpg,Quercus_Dolicholepis
1903,1903.jpg,Prunus_X_Shmittii
1533,1533.jpg,Alnus_Rubra
529,529.jpg,Acer_Rufinerve
3633,3633.jpg,Quercus_Castaneifolia
3504,3504.jpg,Prunus_X_Shmittii
574,574.jpg,Quercus_Pyrenaica
3766,3766.jpg,Quercus_Pubescens
1888,1888.jpg,Salix_Intergra
3414,3414.jpg,Quercus_Pontica
2462,2462.jpg,Quercus_Trojana
1595,1595.jpg,Tilia_Oliveri
3040,3040.jpg,Quercus_Variabilis
2049,2049.jpg,Acer_Palmatum
516,516.jpg,Cotinus_Coggygria
30,30.jpg,Fagus_Sylvatica
1833,1833.jpg,Ilex_Aquifolium
1096,1096.jpg,Quercus_Coccinea
3688,3688.jpg,Acer_Rubrum
284,284.jpg,Arundinaria_Simonii
1969,1969.jpg,Alnus_Viridis
3010,3010.jpg,Quercus_Crassifolia
1488,1488.jpg,Ginkgo_Biloba
2414,2414.jpg,Populus_Nigra
3169,3169.jpg,Betula_Pendula
166,166.jpg,Eucalyptus_Glaucescens
1308,1308.jpg,Lithocarpus_Cleistocarpus
460,460.jpg,Quercus_Nigra
62,62.jpg,Rhododendron_x_Russellianum
3296,3296.jpg,Ginkgo_Biloba
78,78.jpg,Quercus_Afares
2111,2111.jpg,Acer_Circinatum
1011,1011.jpg,Quercus_Trojana
2980,2980.jpg,Salix_Fragilis
167,167.jpg,Alnus_Rubra
2171,2171.jpg,Quercus_Palustris
1017,1017.jpg,Quercus_Phillyraeoides
206,206.jpg,Quercus_Kewensis
2755,2755.jpg,Acer_Rubrum
1021,1021.jpg,Liriodendron_Tulipifera
879,879.jpg,Cornus_Chinensis
94,94.jpg,Acer_Circinatum
2475,2475.jpg,Quercus_Palustris
1242,1242.jpg,Cytisus_Battandieri
2383,2383.jpg,Viburnum_x_Rhytidophylloides
2244,2244.jpg,Fagus_Sylvatica
1158,1158.jpg,Viburnum_Tinus
997,997.jpg,Quercus_Canariensis
3730,3730.jpg,Salix_Intergra
1876,1876.jpg,Quercus_Ellipsoidalis
1819,1819.jpg,Pterocarya_Stenoptera
925,925.jpg,Lithocarpus_Edulis
3788,3788.jpg,Viburnum_x_Rhytidophylloides
1302,1302.jpg,Quercus_Coccinea
127,127.jpg,Acer_Capillipes
1517,1517.jpg,Quercus_Infectoria_sub
1597,1597.jpg,Quercus_Variabilis
2718,2718.jpg,Acer_Saccharinum
2991,2991.jpg,Quercus_Trojana
2440,2440.jpg,Quercus_Nigra
2404,2404.jpg,Populus_Grandidentata
3888,3888.jpg,Viburnum_x_Rhytidophylloides
2504,2504.jpg,Quercus_Canariensis
3831,3831.jpg,Eucalyptus_Neglecta
1204,1204.jpg,Acer_Pictum
137,137.jpg,Cercis_Siliquastrum
2867,2867.jpg,Viburnum_x_Rhytidophylloides
2004,2004.jpg,Quercus_Ilex
110,110.jpg,Alnus_Cordata
2972,2972.jpg,Pterocarya_Stenoptera
707,707.jpg,Cytisus_Battandieri
420,420.jpg,Tilia_Oliveri
1739,1739.jpg,Quercus_Brantii
2432,2432.jpg,Populus_Adenopoda
1211,1211.jpg,Alnus_Sieboldiana
869,869.jpg,Liquidambar_Styraciflua
3223,3223.jpg,Quercus_Rubra
1104,1104.jpg,Acer_Palmatum
3753,3753.jpg,Alnus_Viridis
2902,2902.jpg,Quercus_Chrysolepis
2292,2292.jpg,Quercus_Coccinea
3724,3724.jpg,Betula_Pendula
1433,1433.jpg,Quercus_Nigra
3230,3230.jpg,Pterocarya_Stenoptera
2835,2835.jpg,Acer_Palmatum
122,122.jpg,Cornus_Macrophylla
2934,2934.jpg,Quercus_Kewensis
2443,2443.jpg,Ulmus_Bergmanniana
3694,3694.jpg,Acer_Rubrum
1546,1546.jpg,Populus_Nigra
2636,2636.jpg,Lithocarpus_Edulis
2127,2127.jpg,Quercus_Crassifolia
2130,2130.jpg,Quercus_Afares
525,525.jpg,Quercus_Alnifolia
1619,1619.jpg,Quercus_Vulcanica
288,288.jpg,Quercus_Coccinea
1278,1278.jpg,Quercus_Coccinea
3336,3336.jpg,Populus_Nigra
1706,1706.jpg,Tilia_Platyphyllos
3328,3328.jpg,Acer_Platanoids
192,192.jpg,Quercus_Crassipes
3838,3838.jpg,Quercus_Coccifera
988,988.jpg,Alnus_Maximowiczii
325,325.jpg,Populus_Grandidentata
2331,2331.jpg,Cotinus_Coggygria
841,841.jpg,Ilex_Cornuta
713,713.jpg,Quercus_Coccifera
1868,1868.jpg,Quercus_Rhysophylla
2629,2629.jpg,Quercus_Palustris
2978,2978.jpg,Quercus_Rubra
1541,1541.jpg,Alnus_Maximowiczii
2831,2831.jpg,Ilex_Cornuta
337,337.jpg,Cotinus_Coggygria
1131,1131.jpg,Quercus_Pontica
1750,1750.jpg,Salix_Intergra
3208,3208.jpg,Liquidambar_Styraciflua
1477,1477.jpg,Cytisus_Battandieri
2679,2679.jpg,Quercus_Rhysophylla
1303,1303.jpg,Acer_Platanoids
2476,2476.jpg,Quercus_Ilex
2363,2363.jpg,Crataegus_Monogyna
3129,3129.jpg,Quercus_Hartwissiana
1240,1240.jpg,Quercus_Palustris
1549,1549.jpg,Acer_Mono
1023,1023.jpg,Tilia_Tomentosa
2271,2271.jpg,Quercus_Agrifolia
336,336.jpg,Cercis_Siliquastrum
1411,1411.jpg,Eucalyptus_Glaucescens
1936,1936.jpg,Pterocarya_Stenoptera
163,163.jpg,Quercus_Chrysolepis
2551,2551.jpg,Lithocarpus_Cleistocarpus
1742,1742.jpg,Quercus_Vulcanica
2294,2294.jpg,Cornus_Chinensis
2196,2196.jpg,Acer_Rufinerve
3280,3280.jpg,Acer_Saccharinum
3302,3302.jpg,Quercus_Phillyraeoides
2022,2022.jpg,Quercus_Hartwissiana
3207,3207.jpg,Alnus_Viridis
607,607.jpg,Quercus_Variabilis
1167,1167.jpg,Eucalyptus_Urnigera
1703,1703.jpg,Quercus_Coccifera
955,955.jpg,Quercus_Coccinea
2220,2220.jpg,Cercis_Siliquastrum
1863,1863.jpg,Sorbus_Aria
847,847.jpg,Cytisus_Battandieri
657,657.jpg,Quercus_Castaneifolia
3810,3810.jpg,Ilex_Aquifolium
1226,1226.jpg,Eucalyptus_Urnigera
1228,1228.jpg,Liquidambar_Styraciflua
1418,1418.jpg,Rhododendron_x_Russellianum
1682,1682.jpg,Quercus_Dolicholepis
2828,2828.jpg,Quercus_x_Turneri
1774,1774.jpg,Cornus_Chinensis
105,105.jpg,Populus_Nigra
3844,3844.jpg,Alnus_Sieboldiana
945,945.jpg,Quercus_Greggii
2150,2150.jpg,Quercus_Pyrenaica
2031,2031.jpg,Prunus_X_Shmittii
3242,3242.jpg,Cornus_Chinensis
3727,3727.jpg,Viburnum_Tinus
1919,1919.jpg,Quercus_Phillyraeoides
2974,2974.jpg,Tilia_Tomentosa
2925,2925.jpg,Quercus_Greggii
2417,2417.jpg,Morus_Nigra
1119,1119.jpg,Ilex_Cornuta
2576,2576.jpg,Quercus_Kewensis
403,403.jpg,Viburnum_x_Rhytidophylloides
881,881.jpg,Zelkova_Serrata
121,121.jpg,Acer_Mono
3283,3283.jpg,Acer_Platanoids
2454,2454.jpg,Castanea_Sativa
1883,1883.jpg,Alnus_Cordata
2289,2289.jpg,Alnus_Cordata
3423,3423.jpg,Sorbus_Aria
2846,2846.jpg,Cotinus_Coggygria
937,937.jpg,Acer_Circinatum
1782,1782.jpg,Acer_Opalus
3560,3560.jpg,Quercus_x_Turneri
1381,1381.jpg,Acer_Rufinerve
2819,2819.jpg,Cornus_Controversa
3232,3232.jpg,Quercus_Imbricaria
2359,2359.jpg,Cotinus_Coggygria
3289,3289.jpg,Phildelphus
819,819.jpg,Quercus_Alnifolia
863,863.jpg,Quercus_Imbricaria
1153,1153.jpg,Quercus_Chrysolepis
989,989.jpg,Quercus_Rubra
910,910.jpg,Cornus_Chinensis
1482,1482.jpg,Sorbus_Aria
1281,1281.jpg,Quercus_Agrifolia
1184,1184.jpg,Quercus_Pyrenaica
3377,3377.jpg,Quercus_Cerris
2942,2942.jpg,Salix_Fragilis
3351,3351.jpg,Quercus_Hartwissiana
2987,2987.jpg,Phildelphus
1522,1522.jpg,Magnolia_Heptapeta
3404,3404.jpg,Populus_Nigra
3908,3908.jpg,Quercus_Brantii
20,20.jpg,Populus_Adenopoda
1099,1099.jpg,Arundinaria_Simonii
3125,3125.jpg,Acer_Circinatum
3339,3339.jpg,Eucalyptus_Neglecta
2314,2314.jpg,Quercus_Cerris
3031,3031.jpg,Quercus_Dolicholepis
295,295.jpg,Quercus_Kewensis
3650,3650.jpg,Acer_Palmatum
778,778.jpg,Tilia_Platyphyllos
290,290.jpg,Alnus_Rubra
3331,3331.jpg,Quercus_Afares
2017,2017.jpg,Cercis_Siliquastrum
2172,2172.jpg,Quercus_Crassipes
3406,3406.jpg,Sorbus_Aria
2780,2780.jpg,Quercus_Imbricaria
2231,2231.jpg,Tilia_Oliveri
550,550.jpg,Quercus_Rhysophylla
92,92.jpg,Acer_Circinatum
3573,3573.jpg,Acer_Pictum
1481,1481.jpg,Eucalyptus_Neglecta
1342,1342.jpg,Liquidambar_Styraciflua
2263,2263.jpg,Cornus_Macrophylla
1866,1866.jpg,Quercus_Rhysophylla
303,303.jpg,Acer_Circinatum
2658,2658.jpg,Quercus_Hartwissiana
1169,1169.jpg,Alnus_Rubra
1356,1356.jpg,Populus_Nigra
3713,3713.jpg,Acer_Capillipes
2488,2488.jpg,Quercus_Chrysolepis
951,951.jpg,Tilia_Oliveri
1502,1502.jpg,Quercus_Castaneifolia
1894,1894.jpg,Acer_Opalus
63,63.jpg,Ilex_Cornuta
1768,1768.jpg,Tilia_Platyphyllos
1528,1528.jpg,Quercus_Castaneifolia
3316,3316.jpg,Celtis_Koraiensis
3866,3866.jpg,Morus_Nigra
379,379.jpg,Cotinus_Coggygria
2088,2088.jpg,Quercus_Pyrenaica
2880,2880.jpg,Viburnum_x_Rhytidophylloides
2773,2773.jpg,Phildelphus
1649,1649.jpg,Tilia_Platyphyllos
3156,3156.jpg,Acer_Palmatum
3756,3756.jpg,Alnus_Rubra
1526,1526.jpg,Quercus_Alnifolia
328,328.jpg,Liriodendron_Tulipifera
264,264.jpg,Fagus_Sylvatica
3113,3113.jpg,Celtis_Koraiensis
2546,2546.jpg,Quercus_Shumardii
3837,3837.jpg,Quercus_Nigra
232,232.jpg,Populus_Grandidentata
3592,3592.jpg,Populus_Nigra
3212,3212.jpg,Acer_Platanoids
1571,1571.jpg,Quercus_Dolicholepis
397,397.jpg,Acer_Rufinerve
376,376.jpg,Lithocarpus_Edulis
1124,1124.jpg,Tilia_Platyphyllos
2783,2783.jpg,Prunus_Avium
2814,2814.jpg,Quercus_Infectoria_sub
1845,1845.jpg,Acer_Palmatum
1333,1333.jpg,Magnolia_Salicifolia
3196,3196.jpg,Quercus_x_Turneri
2388,2388.jpg,Salix_Intergra
3689,3689.jpg,Quercus_Trojana
3268,3268.jpg,Quercus_Ellipsoidalis
1784,1784.jpg,Castanea_Sativa
3480,3480.jpg,Quercus_Texana
1197,1197.jpg,Quercus_x_Hispanica
704,704.jpg,Quercus_Rubra
151,151.jpg,Quercus_Palustris
3525,3525.jpg,Eucalyptus_Glaucescens
47,47.jpg,Callicarpa_Bodinieri
159,159.jpg,Quercus_Hartwissiana
1451,1451.jpg,Acer_Platanoids
3702,3702.jpg,Morus_Nigra
2060,2060.jpg,Alnus_Maximowiczii
2680,2680.jpg,Salix_Intergra
2237,2237.jpg,Cercis_Siliquastrum
658,658.jpg,Arundinaria_Simonii
1314,1314.jpg,Viburnum_Tinus
3389,3389.jpg,Quercus_Crassipes
3696,3696.jpg,Quercus_Crassipes
2194,2194.jpg,Acer_Pictum
2472,2472.jpg,Sorbus_Aria
1394,1394.jpg,Cornus_Chinensis
979,979.jpg,Alnus_Viridis
2245,2245.jpg,Quercus_Texana
1524,1524.jpg,Prunus_X_Shmittii
3131,3131.jpg,Quercus_x_Turneri
2113,2113.jpg,Acer_Rubrum
3901,3901.jpg,Olea_Europaea
1293,1293.jpg,Acer_Circinatum
3925,3925.jpg,Quercus_Coccinea
2758,2758.jpg,Tilia_Platyphyllos
3719,3719.jpg,Quercus_Brantii
2508,2508.jpg,Quercus_Kewensis
281,281.jpg,Betula_Pendula
977,977.jpg,Acer_Capillipes
41,41.jpg,Quercus_Variabilis
1697,1697.jpg,Cytisus_Battandieri
3881,3881.jpg,Ilex_Cornuta
2653,2653.jpg,Quercus_Crassifolia
2573,2573.jpg,Quercus_Ellipsoidalis
2291,2291.jpg,Quercus_Alnifolia
2166,2166.jpg,Acer_Palmatum
2575,2575.jpg,Tilia_Tomentosa
2661,2661.jpg,Castanea_Sativa
3602,3602.jpg,Acer_Circinatum
870,870.jpg,Cytisus_Battandieri
1008,1008.jpg,Acer_Palmatum
3818,3818.jpg,Quercus_x_Turneri
3809,3809.jpg,Cornus_Controversa
1653,1653.jpg,Quercus_Castaneifolia
3754,3754.jpg,Cornus_Chinensis
1331,1331.jpg,Populus_Adenopoda
1292,1292.jpg,Quercus_Brantii
617,617.jpg,Salix_Fragilis
2652,2652.jpg,Crataegus_Monogyna
1107,1107.jpg,Tilia_Tomentosa
2868,2868.jpg,Quercus_Shumardii
1290,1290.jpg,Quercus_Castaneifolia
3469,3469.jpg,Acer_Mono
885,885.jpg,Acer_Pictum
1142,1142.jpg,Quercus_Imbricaria
1475,1475.jpg,Alnus_Sieboldiana
1512,1512.jpg,Eucalyptus_Glaucescens
2617,2617.jpg,Acer_Mono
3033,3033.jpg,Ilex_Cornuta
1988,1988.jpg,Quercus_Rubra
3251,3251.jpg,Betula_Pendula
3111,3111.jpg,Quercus_Pontica
3949,3949.jpg,Alnus_Viridis
3323,3323.jpg,Quercus_Coccinea
3553,3553.jpg,Prunus_Avium
1400,1400.jpg,Betula_Austrosinensis
3066,3066.jpg,Quercus_Chrysolepis
2407,2407.jpg,Acer_Rubrum
1875,1875.jpg,Acer_Pictum
1289,1289.jpg,Quercus_Trojana
3204,3204.jpg,Morus_Nigra
2351,2351.jpg,Acer_Capillipes
1056,1056.jpg,Quercus_Texana
648,648.jpg,Pterocarya_Stenoptera
1413,1413.jpg,Quercus_Nigra
1490,1490.jpg,Quercus_Pubescens
661,661.jpg,Salix_Intergra
2513,2513.jpg,Quercus_Texana
3201,3201.jpg,Quercus_Agrifolia
1116,1116.jpg,Quercus_x_Turneri
3583,3583.jpg,Populus_Adenopoda
184,184.jpg,Acer_Platanoids
491,491.jpg,Eucalyptus_Neglecta
125,125.jpg,Cotinus_Coggygria
3023,3023.jpg,Quercus_Greggii
2568,2568.jpg,Cornus_Controversa
2307,2307.jpg,Zelkova_Serrata
852,852.jpg,Quercus_Imbricaria
2806,2806.jpg,Ilex_Aquifolium
293,293.jpg,Quercus_Semecarpifolia
3013,3013.jpg,Quercus_Kewensis
3906,3906.jpg,Olea_Europaea
666,666.jpg,Betula_Pendula
22,22.jpg,Quercus_Variabilis
3581,3581.jpg,Crataegus_Monogyna
1148,1148.jpg,Cornus_Controversa
2541,2541.jpg,Prunus_Avium
2786,2786.jpg,Quercus_Chrysolepis
2477,2477.jpg,Alnus_Maximowiczii
875,875.jpg,Cornus_Controversa
689,689.jpg,Betula_Austrosinensis
3783,3783.jpg,Alnus_Sieboldiana
1199,1199.jpg,Quercus_Shumardii
1518,1518.jpg,Quercus_Kewensis
2267,2267.jpg,Quercus_Shumardii
565,565.jpg,Quercus_Dolicholepis
1796,1796.jpg,Quercus_Chrysolepis
577,577.jpg,Quercus_Pyrenaica
3011,3011.jpg,Quercus_Variabilis
1376,1376.jpg,Olea_Europaea
644,644.jpg,Quercus_Trojana
1005,1005.jpg,Quercus_Coccifera
1020,1020.jpg,Fagus_Sylvatica
1128,1128.jpg,Quercus_Agrifolia
3058,3058.jpg,Celtis_Koraiensis
2463,2463.jpg,Quercus_Greggii
718,718.jpg,Acer_Rubrum
2861,2861.jpg,Zelkova_Serrata
515,515.jpg,Quercus_x_Hispanica
567,567.jpg,Quercus_Cerris
3655,3655.jpg,Quercus_Palustris
3676,3676.jpg,Lithocarpus_Cleistocarpus
3959,3959.jpg,Quercus_Rubra
2283,2283.jpg,Acer_Circinatum
128,128.jpg,Quercus_Castaneifolia
1673,1673.jpg,Quercus_Pyrenaica
1055,1055.jpg,Quercus_Semecarpifolia
3864,3864.jpg,Quercus_Hartwissiana
2321,2321.jpg,Populus_Adenopoda
1608,1608.jpg,Quercus_Rubra
1990,1990.jpg,Salix_Fragilis
1222,1222.jpg,Populus_Grandidentata
2501,2501.jpg,Quercus_Coccinea
2592,2592.jpg,Callicarpa_Bodinieri
3193,3193.jpg,Quercus_Rhysophylla
116,116.jpg,Quercus_Agrifolia
2241,2241.jpg,Quercus_Pontica
1190,1190.jpg,Quercus_Agrifolia
1882,1882.jpg,Quercus_Rubra
3168,3168.jpg,Magnolia_Salicifolia
2559,2559.jpg,Quercus_Infectoria_sub
3542,3542.jpg,Ilex_Aquifolium
1997,1997.jpg,Phildelphus
3927,3927.jpg,Salix_Intergra
355,355.jpg,Cercis_Siliquastrum
2838,2838.jpg,Quercus_Alnifolia
2894,2894.jpg,Quercus_Phellos
2620,2620.jpg,Quercus_Semecarpifolia
215,215.jpg,Magnolia_Heptapeta
1920,1920.jpg,Prunus_X_Shmittii
2768,2768.jpg,Cytisus_Battandieri
1548,1548.jpg,Phildelphus
3422,3422.jpg,Populus_Adenopoda
1999,1999.jpg,Quercus_Pubescens
210,210.jpg,Quercus_Rubra
1307,1307.jpg,Quercus_Agrifolia
556,556.jpg,Populus_Nigra
2649,2649.jpg,Quercus_Chrysolepis
3083,3083.jpg,Quercus_Kewensis
2534,2534.jpg,Cornus_Controversa
1313,1313.jpg,Quercus_x_Hispanica
2068,2068.jpg,Celtis_Koraiensis
764,764.jpg,Viburnum_x_Rhytidophylloides
194,194.jpg,Quercus_Pyrenaica
226,226.jpg,Quercus_x_Turneri
1267,1267.jpg,Prunus_Avium
29,29.jpg,Quercus_Phillyraeoides
251,251.jpg,Tilia_Oliveri
3140,3140.jpg,Quercus_Pyrenaica
2133,2133.jpg,Eucalyptus_Urnigera
3534,3534.jpg,Quercus_Dolicholepis
3412,3412.jpg,Liriodendron_Tulipifera
1793,1793.jpg,Prunus_Avium
2633,2633.jpg,Magnolia_Heptapeta
1916,1916.jpg,Arundinaria_Simonii
608,608.jpg,Acer_Circinatum
2164,2164.jpg,Acer_Platanoids
1744,1744.jpg,Betula_Pendula
220,220.jpg,Quercus_Crassifolia
1764,1764.jpg,Alnus_Cordata
254,254.jpg,Arundinaria_Simonii
395,395.jpg,Alnus_Cordata
2238,2238.jpg,Lithocarpus_Edulis
3743,3743.jpg,Viburnum_Tinus
3669,3669.jpg,Quercus_Rhysophylla
2964,2964.jpg,Quercus_Phellos
2405,2405.jpg,Quercus_Vulcanica
2135,2135.jpg,Acer_Circinatum
2466,2466.jpg,Ilex_Cornuta
1414,1414.jpg,Populus_Grandidentata
1686,1686.jpg,Acer_Rubrum
2533,2533.jpg,Quercus_Infectoria_sub
2085,2085.jpg,Populus_Nigra
645,645.jpg,Crataegus_Monogyna
3079,3079.jpg,Arundinaria_Simonii
1717,1717.jpg,Quercus_Kewensis
727,727.jpg,Quercus_Kewensis
3520,3520.jpg,Quercus_Rhysophylla
2445,2445.jpg,Betula_Austrosinensis
823,823.jpg,Prunus_Avium
3446,3446.jpg,Eucalyptus_Urnigera
3896,3896.jpg,Arundinaria_Simonii
1535,1535.jpg,Quercus_Texana
285,285.jpg,Tilia_Platyphyllos
596,596.jpg,Quercus_Kewensis
2543,2543.jpg,Quercus_Cerris
1262,1262.jpg,Cornus_Chinensis
3742,3742.jpg,Eucalyptus_Glaucescens
2742,2742.jpg,Populus_Grandidentata
1725,1725.jpg,Sorbus_Aria
3817,3817.jpg,Cytisus_Battandieri
3935,3935.jpg,Prunus_X_Shmittii
394,394.jpg,Alnus_Viridis
1893,1893.jpg,Quercus_Alnifolia
1906,1906.jpg,Salix_Fragilis
2420,2420.jpg,Eucalyptus_Glaucescens
3635,3635.jpg,Quercus_Castaneifolia
2843,2843.jpg,Quercus_Imbricaria
714,714.jpg,Lithocarpus_Edulis
1562,1562.jpg,Ilex_Aquifolium
392,392.jpg,Quercus_Brantii
614,614.jpg,Alnus_Sieboldiana
2672,2672.jpg,Quercus_Dolicholepis
1854,1854.jpg,Ulmus_Bergmanniana
3309,3309.jpg,Viburnum_x_Rhytidophylloides
2556,2556.jpg,Acer_Pictum
564,564.jpg,Quercus_Dolicholepis
3870,3870.jpg,Viburnum_x_Rhytidophylloides
3435,3435.jpg,Betula_Austrosinensis
487,487.jpg,Cytisus_Battandieri
3258,3258.jpg,Quercus_Coccinea
3102,3102.jpg,Populus_Grandidentata
2909,2909.jpg,Quercus_Phillyraeoides
3759,3759.jpg,Zelkova_Serrata
561,561.jpg,Prunus_Avium
1852,1852.jpg,Quercus_Shumardii
3495,3495.jpg,Quercus_Alnifolia
341,341.jpg,Populus_Adenopoda
99,99.jpg,Eucalyptus_Neglecta
2863,2863.jpg,Populus_Nigra
3122,3122.jpg,Quercus_Imbricaria
2598,2598.jpg,Quercus_Rubra
1016,1016.jpg,Acer_Platanoids
2886,2886.jpg,Quercus_Kewensis
1,1.jpg,Acer_Opalus
2954,2954.jpg,Quercus_Vulcanica
637,637.jpg,Acer_Mono
1360,1360.jpg,Phildelphus
2998,2998.jpg,Cornus_Chinensis
1395,1395.jpg,Alnus_Maximowiczii
3656,3656.jpg,Cercis_Siliquastrum
3596,3596.jpg,Callicarpa_Bodinieri
795,795.jpg,Quercus_Crassipes
3482,3482.jpg,Quercus_Castaneifolia
3428,3428.jpg,Magnolia_Salicifolia
1645,1645.jpg,Arundinaria_Simonii
1743,1743.jpg,Viburnum_Tinus
2128,2128.jpg,Fagus_Sylvatica
940,940.jpg,Salix_Intergra
3170,3170.jpg,Quercus_Agrifolia
1383,1383.jpg,Ginkgo_Biloba
1835,1835.jpg,Rhododendron_x_Russellianum
138,138.jpg,Quercus_Agrifolia
828,828.jpg,Quercus_Greggii
2061,2061.jpg,Quercus_Agrifolia
190,190.jpg,Magnolia_Heptapeta
1532,1532.jpg,Sorbus_Aria
3680,3680.jpg,Zelkova_Serrata
605,605.jpg,Tilia_Oliveri
2337,2337.jpg,Eucalyptus_Neglecta
2410,2410.jpg,Quercus_Crassipes
1857,1857.jpg,Quercus_Nigra
1236,1236.jpg,Arundinaria_Simonii
2512,2512.jpg,Magnolia_Heptapeta
570,570.jpg,Rhododendron_x_Russellianum
2207,2207.jpg,Callicarpa_Bodinieri
3565,3565.jpg,Tilia_Tomentosa
774,774.jpg,Alnus_Cordata
779,779.jpg,Ilex_Cornuta
980,980.jpg,Quercus_x_Hispanica
2052,2052.jpg,Liquidambar_Styraciflua
2118,2118.jpg,Quercus_Agrifolia
2055,2055.jpg,Quercus_Palustris
1141,1141.jpg,Quercus_Palustris
683,683.jpg,Quercus_Pyrenaica
1565,1565.jpg,Cercis_Siliquastrum
3739,3739.jpg,Alnus_Cordata
1154,1154.jpg,Betula_Austrosinensis
2914,2914.jpg,Quercus_Cerris
1404,1404.jpg,Cornus_Macrophylla
1605,1605.jpg,Cornus_Macrophylla
3705,3705.jpg,Sorbus_Aria
3246,3246.jpg,Populus_Adenopoda
305,305.jpg,Acer_Capillipes
3703,3703.jpg,Tilia_Oliveri
520,520.jpg,Quercus_Coccifera
377,377.jpg,Salix_Fragilis
2947,2947.jpg,Quercus_Suber
2996,2996.jpg,Acer_Platanoids
1849,1849.jpg,Quercus_x_Hispanica
2485,2485.jpg,Quercus_Suber
938,938.jpg,Quercus_Brantii
307,307.jpg,Liriodendron_Tulipifera
25,25.jpg,Arundinaria_Simonii
905,905.jpg,Eucalyptus_Neglecta
1874,1874.jpg,Prunus_X_Shmittii
3839,3839.jpg,Liquidambar_Styraciflua
48,48.jpg,Quercus_Alnifolia
3860,3860.jpg,Celtis_Koraiensis
2288,2288.jpg,Olea_Europaea
3641,3641.jpg,Quercus_Suber
1722,1722.jpg,Morus_Nigra
1726,1726.jpg,Callicarpa_Bodinieri
2067,2067.jpg,Viburnum_x_Rhytidophylloides
757,757.jpg,Viburnum_Tinus
1778,1778.jpg,Cytisus_Battandieri
3349,3349.jpg,Cotinus_Coggygria
2448,2448.jpg,Pterocarya_Stenoptera
3950,3950.jpg,Quercus_x_Hispanica
1248,1248.jpg,Lithocarpus_Edulis
2412,2412.jpg,Rhododendron_x_Russellianum
2824,2824.jpg,Liquidambar_Styraciflua
1189,1189.jpg,Betula_Pendula
2690,2690.jpg,Zelkova_Serrata
2812,2812.jpg,Tilia_Tomentosa
2497,2497.jpg,Cornus_Macrophylla
3755,3755.jpg,Quercus_Coccifera
263,263.jpg,Ulmus_Bergmanniana
1410,1410.jpg,Tilia_Oliveri
233,233.jpg,Quercus_Rubra
580,580.jpg,Quercus_Trojana
2090,2090.jpg,Alnus_Cordata
2279,2279.jpg,Quercus_Trojana
1908,1908.jpg,Viburnum_x_Rhytidophylloides
2660,2660.jpg,Acer_Palmatum
2643,2643.jpg,Quercus_Castaneifolia
195,195.jpg,Alnus_Viridis
1601,1601.jpg,Crataegus_Monogyna
1711,1711.jpg,Acer_Opalus
2082,2082.jpg,Quercus_Canariensis
2548,2548.jpg,Eucalyptus_Urnigera
2212,2212.jpg,Populus_Grandidentata
2390,2390.jpg,Betula_Austrosinensis
708,708.jpg,Quercus_Afares
1681,1681.jpg,Quercus_Infectoria_sub
3174,3174.jpg,Quercus_x_Hispanica
3760,3760.jpg,Quercus_Phellos
1917,1917.jpg,Quercus_Phillyraeoides
342,342.jpg,Populus_Grandidentata
3627,3627.jpg,Quercus_Castaneifolia
3785,3785.jpg,Ulmus_Bergmanniana
1212,1212.jpg,Alnus_Viridis
1504,1504.jpg,Liquidambar_Styraciflua
3211,3211.jpg,Acer_Rufinerve
334,334.jpg,Quercus_Cerris
1059,1059.jpg,Acer_Palmatum
3826,3826.jpg,Crataegus_Monogyna
139,139.jpg,Quercus_Pubescens
455,455.jpg,Cornus_Chinensis
500,500.jpg,Quercus_Pubescens
3284,3284.jpg,Cornus_Chinensis
3327,3327.jpg,Eucalyptus_Neglecta
1767,1767.jpg,Acer_Rubrum
695,695.jpg,Quercus_Phellos
3807,3807.jpg,Acer_Mono
1909,1909.jpg,Quercus_Phellos
1569,1569.jpg,Quercus_Infectoria_sub
200,200.jpg,Quercus_Agrifolia
3704,3704.jpg,Celtis_Koraiensis
2908,2908.jpg,Quercus_x_Turneri
536,536.jpg,Quercus_Alnifolia
3568,3568.jpg,Acer_Pictum
916,916.jpg,Salix_Fragilis
975,975.jpg,Quercus_Nigra
3674,3674.jpg,Quercus_Rubra
2698,2698.jpg,Acer_Rubrum
2213,2213.jpg,Quercus_Rubra
506,506.jpg,Quercus_Castaneifolia
1109,1109.jpg,Magnolia_Heptapeta
954,954.jpg,Quercus_Kewensis
1179,1179.jpg,Quercus_Variabilis
450,450.jpg,Cornus_Chinensis
3796,3796.jpg,Ilex_Aquifolium
1884,1884.jpg,Quercus_Hartwissiana
3746,3746.jpg,Quercus_Infectoria_sub
889,889.jpg,Quercus_Brantii
3420,3420.jpg,Cornus_Chinensis
3953,3953.jpg,Quercus_Nigra
679,679.jpg,Quercus_Coccifera
3235,3235.jpg,Quercus_Texana
3797,3797.jpg,Quercus_Phillyraeoides
523,523.jpg,Salix_Fragilis
1662,1662.jpg,Crataegus_Monogyna
2753,2753.jpg,Viburnum_Tinus
2747,2747.jpg,Quercus_Pontica
1836,1836.jpg,Quercus_Infectoria_sub
3889,3889.jpg,Quercus_Phellos
3426,3426.jpg,Betula_Austrosinensis
3457,3457.jpg,Cytisus_Battandieri
1255,1255.jpg,Quercus_Texana
1878,1878.jpg,Quercus_Shumardii
2478,2478.jpg,Ginkgo_Biloba
1069,1069.jpg,Quercus_Canariensis
3384,3384.jpg,Cornus_Macrophylla
839,839.jpg,Cornus_Controversa
3868,3868.jpg,Salix_Intergra
964,964.jpg,Populus_Grandidentata
2746,2746.jpg,Castanea_Sativa
3801,3801.jpg,Phildelphus
2777,2777.jpg,Celtis_Koraiensis
636,636.jpg,Alnus_Sieboldiana
3598,3598.jpg,Populus_Adenopoda
1341,1341.jpg,Cotinus_Coggygria
1348,1348.jpg,Acer_Platanoids
3813,3813.jpg,Ilex_Aquifolium
2050,2050.jpg,Quercus_Variabilis
3836,3836.jpg,Cotinus_Coggygria
1187,1187.jpg,Zelkova_Serrata
900,900.jpg,Viburnum_x_Rhytidophylloides
3411,3411.jpg,Crataegus_Monogyna
1252,1252.jpg,Quercus_Imbricaria
2603,2603.jpg,Prunus_Avium
2549,2549.jpg,Acer_Opalus
519,519.jpg,Alnus_Cordata
1980,1980.jpg,Quercus_Afares
2188,2188.jpg,Quercus_Palustris
2834,2834.jpg,Callicarpa_Bodinieri
3272,3272.jpg,Quercus_Brantii
2486,2486.jpg,Quercus_Castaneifolia
416,416.jpg,Quercus_Texana
472,472.jpg,Quercus_Ellipsoidalis
2435,2435.jpg,Cornus_Chinensis
2528,2528.jpg,Magnolia_Salicifolia
164,164.jpg,Betula_Austrosinensis
1560,1560.jpg,Rhododendron_x_Russellianum
3269,3269.jpg,Quercus_Trojana
1439,1439.jpg,Quercus_Ilex
1022,1022.jpg,Cytisus_Battandieri
3942,3942.jpg,Quercus_Texana
2770,2770.jpg,Quercus_Phellos
2561,2561.jpg,Quercus_Dolicholepis
853,853.jpg,Quercus_Hartwissiana
635,635.jpg,Acer_Saccharinum
277,277.jpg,Prunus_Avium
902,902.jpg,Ulmus_Bergmanniana
994,994.jpg,Tilia_Tomentosa
3157,3157.jpg,Lithocarpus_Cleistocarpus
1088,1088.jpg,Quercus_Semecarpifolia
1972,1972.jpg,Viburnum_x_Rhytidophylloides
1171,1171.jpg,Acer_Opalus
1392,1392.jpg,Eucalyptus_Urnigera
700,700.jpg,Salix_Intergra
978,978.jpg,Quercus_Pubescens
2923,2923.jpg,Eucalyptus_Urnigera
3222,3222.jpg,Cytisus_Battandieri
3114,3114.jpg,Lithocarpus_Cleistocarpus
3332,3332.jpg,Quercus_Canariensis
3728,3728.jpg,Magnolia_Heptapeta
1086,1086.jpg,Quercus_Chrysolepis
3833,3833.jpg,Quercus_Imbricaria
2273,2273.jpg,Quercus_Semecarpifolia
175,175.jpg,Quercus_Imbricaria
1061,1061.jpg,Liriodendron_Tulipifera
3371,3371.jpg,Quercus_Pontica
1525,1525.jpg,Quercus_Pontica
3249,3249.jpg,Tilia_Tomentosa
2396,2396.jpg,Quercus_Texana
343,343.jpg,Magnolia_Salicifolia
744,744.jpg,Liquidambar_Styraciflua
2345,2345.jpg,Ilex_Aquifolium
569,569.jpg,Acer_Opalus
3073,3073.jpg,Tilia_Platyphyllos
1478,1478.jpg,Ulmus_Bergmanniana
685,685.jpg,Quercus_Palustris
681,681.jpg,Castanea_Sativa
1837,1837.jpg,Cytisus_Battandieri
1881,1881.jpg,Cotinus_Coggygria
3562,3562.jpg,Pterocarya_Stenoptera
808,808.jpg,Quercus_Ilex
2258,2258.jpg,Quercus_Chrysolepis
1320,1320.jpg,Prunus_X_Shmittii
668,668.jpg,Tilia_Tomentosa
3584,3584.jpg,Alnus_Sieboldiana
2650,2650.jpg,Tilia_Oliveri
981,981.jpg,Quercus_Suber
2969,2969.jpg,Quercus_Rubra
1832,1832.jpg,Quercus_Ilex
3254,3254.jpg,Arundinaria_Simonii
56,56.jpg,Liriodendron_Tulipifera
2227,2227.jpg,Ginkgo_Biloba
3761,3761.jpg,Sorbus_Aria
1798,1798.jpg,Quercus_Ilex
1492,1492.jpg,Acer_Pictum
1873,1873.jpg,Populus_Nigra
571,571.jpg,Lithocarpus_Cleistocarpus
3134,3134.jpg,Betula_Austrosinensis
2411,2411.jpg,Crataegus_Monogyna
1785,1785.jpg,Quercus_Crassipes
90,90.jpg,Acer_Circinatum
278,278.jpg,Quercus_Chrysolepis
289,289.jpg,Populus_Nigra
1700,1700.jpg,Zelkova_Serrata
1192,1192.jpg,Olea_Europaea
2297,2297.jpg,Quercus_Agrifolia
2578,2578.jpg,Acer_Pictum
3519,3519.jpg,Quercus_Phillyraeoides
1093,1093.jpg,Tilia_Platyphyllos
1513,1513.jpg,Salix_Fragilis
3530,3530.jpg,Alnus_Maximowiczii
2421,2421.jpg,Crataegus_Monogyna
1630,1630.jpg,Quercus_Semecarpifolia
1188,1188.jpg,Magnolia_Salicifolia
2856,2856.jpg,Quercus_Rhysophylla
3317,3317.jpg,Liquidambar_Styraciflua
3594,3594.jpg,Quercus_Kewensis
40,40.jpg,Quercus_Crassifolia
2460,2460.jpg,Rhododendron_x_Russellianum
366,366.jpg,Populus_Nigra
912,912.jpg,Acer_Platanoids
418,418.jpg,Quercus_Greggii
2315,2315.jpg,Morus_Nigra
3791,3791.jpg,Ginkgo_Biloba
3210,3210.jpg,Cercis_Siliquastrum
3003,3003.jpg,Tilia_Tomentosa
300,300.jpg,Quercus_Castaneifolia
533,533.jpg,Quercus_Texana
2226,2226.jpg,Arundinaria_Simonii
545,545.jpg,Quercus_Texana
1636,1636.jpg,Acer_Circinatum
3476,3476.jpg,Quercus_Castaneifolia
3452,3452.jpg,Quercus_Trojana
873,873.jpg,Sorbus_Aria
1486,1486.jpg,Quercus_Ilex
3334,3334.jpg,Tilia_Platyphyllos
646,646.jpg,Acer_Circinatum
3380,3380.jpg,Betula_Austrosinensis
1839,1839.jpg,Quercus_Canariensis
2360,2360.jpg,Fagus_Sylvatica
2738,2738.jpg,Magnolia_Heptapeta
74,74.jpg,Quercus_Crassifolia
3918,3918.jpg,Acer_Rufinerve
1162,1162.jpg,Quercus_Pubescens
360,360.jpg,Quercus_Rubra
1654,1654.jpg,Magnolia_Salicifolia
1257,1257.jpg,Betula_Austrosinensis
2538,2538.jpg,Phildelphus
3237,3237.jpg,Betula_Austrosinensis
446,446.jpg,Quercus_Alnifolia
364,364.jpg,Tilia_Platyphyllos
1361,1361.jpg,Acer_Capillipes
135,135.jpg,Quercus_Cerris
1900,1900.jpg,Cornus_Chinensis
2889,2889.jpg,Cytisus_Battandieri
1275,1275.jpg,Tilia_Platyphyllos
2841,2841.jpg,Eucalyptus_Neglecta
68,68.jpg,Ginkgo_Biloba
2638,2638.jpg,Arundinaria_Simonii
2885,2885.jpg,Eucalyptus_Neglecta
2610,2610.jpg,Eucalyptus_Neglecta
3471,3471.jpg,Magnolia_Heptapeta
1734,1734.jpg,Liquidambar_Styraciflua
136,136.jpg,Lithocarpus_Edulis
2436,2436.jpg,Betula_Austrosinensis
949,949.jpg,Populus_Grandidentata
3425,3425.jpg,Cornus_Chinensis
2450,2450.jpg,Callicarpa_Bodinieri
672,672.jpg,Crataegus_Monogyna
1168,1168.jpg,Acer_Pictum
2844,2844.jpg,Ulmus_Bergmanniana
2778,2778.jpg,Quercus_Suber
3503,3503.jpg,Quercus_Texana
3104,3104.jpg,Tilia_Platyphyllos
2539,2539.jpg,Acer_Mono
2702,2702.jpg,Sorbus_Aria
788,788.jpg,Cytisus_Battandieri
3522,3522.jpg,Liriodendron_Tulipifera
2204,2204.jpg,Alnus_Sieboldiana
1713,1713.jpg,Quercus_Rhysophylla
677,677.jpg,Eucalyptus_Urnigera
771,771.jpg,Ulmus_Bergmanniana
3018,3018.jpg,Quercus_Alnifolia
1754,1754.jpg,Viburnum_x_Rhytidophylloides
2203,2203.jpg,Quercus_Rhysophylla
370,370.jpg,Phildelphus
3936,3936.jpg,Quercus_x_Hispanica
562,562.jpg,Quercus_Brantii
464,464.jpg,Cornus_Controversa
2180,2180.jpg,Quercus_Agrifolia
3737,3737.jpg,Quercus_Pontica
2276,2276.jpg,Betula_Austrosinensis
1794,1794.jpg,Alnus_Maximowiczii
3120,3120.jpg,Quercus_Afares
3555,3555.jpg,Rhododendron_x_Russellianum
3198,3198.jpg,Quercus_Crassifolia
1665,1665.jpg,Pterocarya_Stenoptera
2173,2173.jpg,Acer_Platanoids
1286,1286.jpg,Betula_Austrosinensis
120,120.jpg,Quercus_Dolicholepis
541,541.jpg,Quercus_Variabilis
508,508.jpg,Quercus_Chrysolepis
3595,3595.jpg,Acer_Capillipes
785,785.jpg,Quercus_Coccifera
1691,1691.jpg,Quercus_Dolicholepis
1925,1925.jpg,Acer_Opalus
2756,2756.jpg,Quercus_Infectoria_sub
3437,3437.jpg,Eucalyptus_Neglecta
825,825.jpg,Prunus_X_Shmittii
2990,2990.jpg,Populus_Adenopoda
1369,1369.jpg,Cotinus_Coggygria
855,855.jpg,Acer_Palmatum
3956,3956.jpg,Magnolia_Salicifolia
2024,2024.jpg,Quercus_Coccifera
1259,1259.jpg,Quercus_Ellipsoidalis
2103,2103.jpg,Crataegus_Monogyna
1776,1776.jpg,Alnus_Rubra
602,602.jpg,Quercus_Afares
27,27.jpg,Quercus_Phillyraeoides
3342,3342.jpg,Cornus_Controversa
497,497.jpg,Alnus_Maximowiczii
2409,2409.jpg,Salix_Fragilis
1872,1872.jpg,Prunus_X_Shmittii
2376,2376.jpg,Tilia_Tomentosa
2912,2912.jpg,Quercus_Texana
1296,1296.jpg,Acer_Mono
3872,3872.jpg,Ulmus_Bergmanniana
866,866.jpg,Cotinus_Coggygria
2339,2339.jpg,Castanea_Sativa
3550,3550.jpg,Quercus_Trojana
3187,3187.jpg,Acer_Saccharinum
2156,2156.jpg,Quercus_Crassipes
3582,3582.jpg,Callicarpa_Bodinieri
698,698.jpg,Callicarpa_Bodinieri
1975,1975.jpg,Ilex_Cornuta
1850,1850.jpg,Acer_Capillipes
231,231.jpg,Quercus_Agrifolia
3225,3225.jpg,Castanea_Sativa
3189,3189.jpg,Populus_Adenopoda
1291,1291.jpg,Alnus_Rubra
3862,3862.jpg,Quercus_Rubra
1305,1305.jpg,Quercus_x_Hispanica
604,604.jpg,Quercus_Alnifolia
2588,2588.jpg,Acer_Circinatum
3368,3368.jpg,Acer_Rufinerve
3098,3098.jpg,Quercus_Castaneifolia
1678,1678.jpg,Alnus_Sieboldiana
3464,3464.jpg,Quercus_Hartwissiana
3015,3015.jpg,Cornus_Controversa
2919,2919.jpg,Quercus_Castaneifolia
3615,3615.jpg,Crataegus_Monogyna
2287,2287.jpg,Liriodendron_Tulipifera
2304,2304.jpg,Viburnum_Tinus
2701,2701.jpg,Acer_Opalus
1815,1815.jpg,Prunus_X_Shmittii
1288,1288.jpg,Quercus_Ellipsoidalis
2776,2776.jpg,Quercus_Pubescens
2284,2284.jpg,Quercus_Imbricaria
291,291.jpg,Quercus_Agrifolia
3733,3733.jpg,Quercus_Greggii
1942,1942.jpg,Acer_Capillipes
330,330.jpg,Prunus_X_Shmittii
1731,1731.jpg,Quercus_Vulcanica
2891,2891.jpg,Ilex_Cornuta
484,484.jpg,Viburnum_Tinus
2336,2336.jpg,Lithocarpus_Cleistocarpus
3273,3273.jpg,Acer_Circinatum
2019,2019.jpg,Celtis_Koraiensis
1506,1506.jpg,Cotinus_Coggygria
1618,1618.jpg,Populus_Adenopoda
2630,2630.jpg,Salix_Fragilis
180,180.jpg,Quercus_Dolicholepis
794,794.jpg,Castanea_Sativa
1127,1127.jpg,Cercis_Siliquastrum
1929,1929.jpg,Quercus_Castaneifolia
2816,2816.jpg,Quercus_Texana
1583,1583.jpg,Quercus_Ellipsoidalis
3604,3604.jpg,Acer_Opalus
2011,2011.jpg,Liriodendron_Tulipifera
2389,2389.jpg,Viburnum_Tinus
2368,2368.jpg,Cornus_Macrophylla
203,203.jpg,Quercus_Ellipsoidalis
2349,2349.jpg,Eucalyptus_Neglecta
2054,2054.jpg,Quercus_Crassifolia
1090,1090.jpg,Betula_Austrosinensis
12,12.jpg,Betula_Austrosinensis
1677,1677.jpg,Quercus_Canariensis
349,349.jpg,Acer_Rufinerve
3160,3160.jpg,Magnolia_Heptapeta
792,792.jpg,Acer_Opalus
1664,1664.jpg,Salix_Fragilis
2473,2473.jpg,Cornus_Chinensis
817,817.jpg,Quercus_Afares
2899,2899.jpg,Quercus_Phellos
2051,2051.jpg,Liriodendron_Tulipifera
1723,1723.jpg,Tilia_Oliveri
3045,3045.jpg,Quercus_Palustris
54,54.jpg,Quercus_Suber
255,255.jpg,Castanea_Sativa
1494,1494.jpg,Quercus_Imbricaria
1484,1484.jpg,Quercus_Hartwissiana
751,751.jpg,Cornus_Macrophylla
2338,2338.jpg,Acer_Platanoids
3353,3353.jpg,Crataegus_Monogyna
1277,1277.jpg,Quercus_Shumardii
2335,2335.jpg,Cercis_Siliquastrum
1117,1117.jpg,Acer_Capillipes
273,273.jpg,Quercus_Pontica
612,612.jpg,Callicarpa_Bodinieri
3321,3321.jpg,Cotinus_Coggygria
3891,3891.jpg,Alnus_Cordata
95,95.jpg,Acer_Saccharinum
1948,1948.jpg,Ginkgo_Biloba
573,573.jpg,Quercus_Phillyraeoides
652,652.jpg,Tilia_Platyphyllos
2929,2929.jpg,Populus_Grandidentata
2663,2663.jpg,Quercus_Pyrenaica
1587,1587.jpg,Quercus_Canariensis
701,701.jpg,Quercus_Dolicholepis
3782,3782.jpg,Tilia_Tomentosa
1025,1025.jpg,Alnus_Rubra
3608,3608.jpg,Quercus_Ilex
634,634.jpg,Acer_Opalus
3508,3508.jpg,Quercus_Castaneifolia
3287,3287.jpg,Quercus_Agrifolia
2952,2952.jpg,Quercus_Texana
3706,3706.jpg,Callicarpa_Bodinieri
2705,2705.jpg,Quercus_Greggii
3636,3636.jpg,Betula_Pendula
1602,1602.jpg,Callicarpa_Bodinieri
3019,3019.jpg,Quercus_Canariensis
1823,1823.jpg,Quercus_Rhysophylla
3020,3020.jpg,Acer_Saccharinum
911,911.jpg,Ilex_Cornuta
3675,3675.jpg,Quercus_Hartwissiana
1076,1076.jpg,Lithocarpus_Cleistocarpus
601,601.jpg,Alnus_Rubra
3243,3243.jpg,Quercus_Pontica
3492,3492.jpg,Eucalyptus_Glaucescens
1736,1736.jpg,Sorbus_Aria
2665,2665.jpg,Quercus_Palustris
2910,2910.jpg,Prunus_X_Shmittii
2108,2108.jpg,Quercus_Castaneifolia
2645,2645.jpg,Quercus_Castaneifolia
1428,1428.jpg,Alnus_Viridis
2165,2165.jpg,Quercus_Vulcanica
3629,3629.jpg,Tilia_Platyphyllos
2200,2200.jpg,Quercus_Crassifolia
972,972.jpg,Quercus_Texana
1224,1224.jpg,Morus_Nigra
2587,2587.jpg,Quercus_Variabilis
3009,3009.jpg,Celtis_Koraiensis
1751,1751.jpg,Quercus_Semecarpifolia
3089,3089.jpg,Magnolia_Heptapeta
2537,2537.jpg,Quercus_Pubescens
1554,1554.jpg,Quercus_Dolicholepis
2785,2785.jpg,Fagus_Sylvatica
3518,3518.jpg,Magnolia_Salicifolia
1078,1078.jpg,Celtis_Koraiensis
3538,3538.jpg,Eucalyptus_Urnigera
1755,1755.jpg,Morus_Nigra
3658,3658.jpg,Alnus_Sieboldiana
2621,2621.jpg,Acer_Platanoids
2536,2536.jpg,Populus_Nigra
383,383.jpg,Crataegus_Monogyna
3034,3034.jpg,Tilia_Oliveri
256,256.jpg,Quercus_Crassifolia
2570,2570.jpg,Quercus_x_Turneri
3248,3248.jpg,Quercus_Chrysolepis
1245,1245.jpg,Castanea_Sativa
2167,2167.jpg,Lithocarpus_Cleistocarpus
2327,2327.jpg,Liquidambar_Styraciflua
1137,1137.jpg,Quercus_Crassifolia
1500,1500.jpg,Quercus_Texana
2169,2169.jpg,Quercus_Variabilis
3877,3877.jpg,Quercus_Agrifolia
3247,3247.jpg,Prunus_Avium
2968,2968.jpg,Alnus_Maximowiczii
3714,3714.jpg,Liquidambar_Styraciflua
2696,2696.jpg,Tilia_Platyphyllos
3731,3731.jpg,Quercus_Semecarpifolia
2979,2979.jpg,Quercus_Brantii
721,721.jpg,Acer_Opalus
3670,3670.jpg,Salix_Intergra
2729,2729.jpg,Quercus_Brantii
1075,1075.jpg,Acer_Rufinerve
2397,2397.jpg,Salix_Intergra
3430,3430.jpg,Quercus_Nigra
739,739.jpg,Acer_Saccharinum
2048,2048.jpg,Ginkgo_Biloba
1170,1170.jpg,Quercus_Dolicholepis
1123,1123.jpg,Acer_Rubrum
1556,1556.jpg,Quercus_Shumardii
147,147.jpg,Quercus_Crassifolia
3671,3671.jpg,Quercus_Dolicholepis
162,162.jpg,Populus_Nigra
2807,2807.jpg,Quercus_Phillyraeoides
2373,2373.jpg,Ginkgo_Biloba
4,4.jpg,Tilia_Tomentosa
3945,3945.jpg,Quercus_Nigra
218,218.jpg,Crataegus_Monogyna
1050,1050.jpg,Celtis_Koraiensis
266,266.jpg,Populus_Grandidentata
3711,3711.jpg,Quercus_Vulcanica
3878,3878.jpg,Quercus_Nigra
3185,3185.jpg,Magnolia_Heptapeta
283,283.jpg,Cornus_Macrophylla
3773,3773.jpg,Prunus_Avium
3162,3162.jpg,Quercus_Crassipes
3190,3190.jpg,Quercus_Crassifolia
3448,3448.jpg,Quercus_Vulcanica
2530,2530.jpg,Quercus_Rhysophylla
3403,3403.jpg,Morus_Nigra
3828,3828.jpg,Quercus_Alnifolia
1727,1727.jpg,Quercus_Nigra
1265,1265.jpg,Arundinaria_Simonii
3776,3776.jpg,Quercus_Chrysolepis
169,169.jpg,Populus_Adenopoda
1336,1336.jpg,Celtis_Koraiensis
526,526.jpg,Quercus_Vulcanica
2609,2609.jpg,Quercus_Vulcanica
1824,1824.jpg,Quercus_Infectoria_sub
3907,3907.jpg,Acer_Circinatum
3221,3221.jpg,Tilia_Oliveri
2647,2647.jpg,Ilex_Cornuta
3662,3662.jpg,Quercus_Dolicholepis
756,756.jpg,Alnus_Maximowiczii
2329,2329.jpg,Acer_Rufinerve
3577,3577.jpg,Quercus_Variabilis
2492,2492.jpg,Quercus_Castaneifolia
3075,3075.jpg,Populus_Nigra
1544,1544.jpg,Cornus_Controversa
3723,3723.jpg,Viburnum_Tinus
143,143.jpg,Celtis_Koraiensis
786,786.jpg,Alnus_Rubra
3444,3444.jpg,Castanea_Sativa
709,709.jpg,Ulmus_Bergmanniana
314,314.jpg,Cornus_Chinensis
2725,2725.jpg,Zelkova_Serrata
2997,2997.jpg,Quercus_Phillyraeoides
91,91.jpg,Quercus_Coccinea
1234,1234.jpg,Lithocarpus_Edulis
800,800.jpg,Quercus_Imbricaria
2280,2280.jpg,Quercus_Castaneifolia
2145,2145.jpg,Acer_Mono
2572,2572.jpg,Pterocarya_Stenoptera
3436,3436.jpg,Quercus_Afares
2767,2767.jpg,Quercus_Palustris
3139,3139.jpg,Populus_Adenopoda
3288,3288.jpg,Lithocarpus_Cleistocarpus
1139,1139.jpg,Quercus_Trojana
3333,3333.jpg,Lithocarpus_Cleistocarpus
2192,2192.jpg,Liquidambar_Styraciflua
510,510.jpg,Quercus_Texana
2129,2129.jpg,Quercus_Trojana
854,854.jpg,Callicarpa_Bodinieri
2498,2498.jpg,Viburnum_Tinus
544,544.jpg,Viburnum_Tinus
1950,1950.jpg,Quercus_Coccinea
2362,2362.jpg,Alnus_Cordata
2646,2646.jpg,Betula_Pendula
2265,2265.jpg,Tilia_Platyphyllos
1130,1130.jpg,Quercus_Suber
2762,2762.jpg,Morus_Nigra
2489,2489.jpg,Quercus_Suber
2234,2234.jpg,Arundinaria_Simonii
1462,1462.jpg,Quercus_Ellipsoidalis
998,998.jpg,Quercus_Rubra
2639,2639.jpg,Tilia_Platyphyllos
482,482.jpg,Quercus_Trojana
559,559.jpg,Acer_Mono
1715,1715.jpg,Quercus_Greggii
2487,2487.jpg,Quercus_Crassipes
3712,3712.jpg,Quercus_Imbricaria
124,124.jpg,Liquidambar_Styraciflua
2684,2684.jpg,Quercus_Rubra
2915,2915.jpg,Acer_Opalus
2759,2759.jpg,Ilex_Cornuta
2179,2179.jpg,Betula_Pendula
3474,3474.jpg,Quercus_Imbricaria
1657,1657.jpg,Ilex_Cornuta
424,424.jpg,Populus_Grandidentata
353,353.jpg,Quercus_Coccinea
3642,3642.jpg,Crataegus_Monogyna
1938,1938.jpg,Acer_Rufinerve
199,199.jpg,Betula_Pendula
2286,2286.jpg,Acer_Mono
1910,1910.jpg,Quercus_Shumardii
3938,3938.jpg,Alnus_Viridis
3774,3774.jpg,Alnus_Maximowiczii
3264,3264.jpg,Quercus_Nigra
2251,2251.jpg,Olea_Europaea
3845,3845.jpg,Cornus_Controversa
72,72.jpg,Liquidambar_Styraciflua
3039,3039.jpg,Acer_Palmatum
3038,3038.jpg,Ginkgo_Biloba
2426,2426.jpg,Quercus_Alnifolia
3933,3933.jpg,Tilia_Tomentosa
3744,3744.jpg,Alnus_Cordata
2564,2564.jpg,Castanea_Sativa
1445,1445.jpg,Cornus_Chinensis
421,421.jpg,Eucalyptus_Glaucescens
69,69.jpg,Acer_Palmatum
1230,1230.jpg,Cercis_Siliquastrum
356,356.jpg,Lithocarpus_Cleistocarpus
434,434.jpg,Populus_Nigra
3301,3301.jpg,Quercus_Phillyraeoides
2028,2028.jpg,Quercus_Alnifolia
1397,1397.jpg,Quercus_Cerris
327,327.jpg,Zelkova_Serrata
207,207.jpg,Quercus_x_Hispanica
229,229.jpg,Quercus_Rubra
2354,2354.jpg,Lithocarpus_Edulis
1989,1989.jpg,Quercus_Brantii
983,983.jpg,Quercus_Nigra
3681,3681.jpg,Quercus_Crassifolia
2326,2326.jpg,Celtis_Koraiensis
3924,3924.jpg,Quercus_Kewensis
2764,2764.jpg,Cornus_Chinensis
1932,1932.jpg,Acer_Platanoids
1804,1804.jpg,Quercus_Pubescens
655,655.jpg,Arundinaria_Simonii
758,758.jpg,Magnolia_Heptapeta
2700,2700.jpg,Quercus_Afares
3667,3667.jpg,Alnus_Rubra
2664,2664.jpg,Quercus_Pontica
736,736.jpg,Callicarpa_Bodinieri
1429,1429.jpg,Zelkova_Serrata
3060,3060.jpg,Acer_Circinatum
3442,3442.jpg,Quercus_Ellipsoidalis
3021,3021.jpg,Prunus_X_Shmittii
3673,3673.jpg,Acer_Opalus
1136,1136.jpg,Magnolia_Salicifolia
2457,2457.jpg,Fagus_Sylvatica
3692,3692.jpg,Sorbus_Aria
3939,3939.jpg,Acer_Palmatum
1261,1261.jpg,Olea_Europaea
1814,1814.jpg,Quercus_Rhysophylla
1563,1563.jpg,Quercus_Phillyraeoides
3764,3764.jpg,Castanea_Sativa
3632,3632.jpg,Rhododendron_x_Russellianum
3006,3006.jpg,Eucalyptus_Glaucescens
3250,3250.jpg,Quercus_Pyrenaica
3795,3795.jpg,Prunus_X_Shmittii
740,740.jpg,Eucalyptus_Neglecta
999,999.jpg,Quercus_Brantii
3376,3376.jpg,Quercus_Infectoria_sub
1679,1679.jpg,Betula_Austrosinensis
3506,3506.jpg,Quercus_Alnifolia
1166,1166.jpg,Quercus_Crassipes
3167,3167.jpg,Zelkova_Serrata
3213,3213.jpg,Tilia_Oliveri
60,60.jpg,Celtis_Koraiensis
2144,2144.jpg,Betula_Austrosinensis
3148,3148.jpg,Acer_Pictum
1979,1979.jpg,Quercus_Rubra
3768,3768.jpg,Quercus_Suber
2697,2697.jpg,Castanea_Sativa
2278,2278.jpg,Quercus_Ellipsoidalis
476,476.jpg,Eucalyptus_Urnigera
2713,2713.jpg,Tilia_Oliveri
1551,1551.jpg,Prunus_Avium
2101,2101.jpg,Acer_Mono
346,346.jpg,Celtis_Koraiensis
2399,2399.jpg,Quercus_Crassipes
354,354.jpg,Quercus_Crassipes
3842,3842.jpg,Lithocarpus_Edulis
3081,3081.jpg,Arundinaria_Simonii
3957,3957.jpg,Acer_Pictum
2847,2847.jpg,Quercus_Nigra
2056,2056.jpg,Quercus_Phellos
591,591.jpg,Quercus_Texana
3531,3531.jpg,Prunus_Avium
717,717.jpg,Castanea_Sativa
1299,1299.jpg,Alnus_Cordata
3879,3879.jpg,Cytisus_Battandieri
2393,2393.jpg,Sorbus_Aria
629,629.jpg,Quercus_Vulcanica
862,862.jpg,Quercus_Shumardii
1362,1362.jpg,Cornus_Controversa
3459,3459.jpg,Liriodendron_Tulipifera
275,275.jpg,Arundinaria_Simonii
1436,1436.jpg,Quercus_Alnifolia
3580,3580.jpg,Pterocarya_Stenoptera
3087,3087.jpg,Tilia_Tomentosa
2184,2184.jpg,Quercus_x_Hispanica
58,58.jpg,Cercis_Siliquastrum
1319,1319.jpg,Quercus_Ilex
3524,3524.jpg,Cornus_Controversa
2802,2802.jpg,Acer_Opalus
674,674.jpg,Salix_Fragilis
2187,2187.jpg,Quercus_x_Hispanica
3493,3493.jpg,Salix_Fragilis
3708,3708.jpg,Acer_Saccharinum
3191,3191.jpg,Alnus_Sieboldiana
659,659.jpg,Tilia_Platyphyllos
1761,1761.jpg,Ulmus_Bergmanniana
1896,1896.jpg,Quercus_Kewensis
3948,3948.jpg,Quercus_Pubescens
3032,3032.jpg,Rhododendron_x_Russellianum
1201,1201.jpg,Alnus_Viridis
752,752.jpg,Quercus_Vulcanica
1858,1858.jpg,Quercus_Coccifera
3116,3116.jpg,Magnolia_Salicifolia
3067,3067.jpg,Celtis_Koraiensis
3767,3767.jpg,Celtis_Koraiensis
34,34.jpg,Rhododendron_x_Russellianum
237,237.jpg,Alnus_Viridis
2601,2601.jpg,Alnus_Maximowiczii
1930,1930.jpg,Salix_Intergra
1063,1063.jpg,Quercus_Phellos
2583,2583.jpg,Acer_Pictum
1378,1378.jpg,Cornus_Macrophylla
466,466.jpg,Quercus_Afares
868,868.jpg,Quercus_Coccifera
3880,3880.jpg,Cornus_Chinensis
1805,1805.jpg,Ulmus_Bergmanniana
3502,3502.jpg,Magnolia_Heptapeta
3311,3311.jpg,Populus_Adenopoda
1540,1540.jpg,Quercus_Rhysophylla
931,931.jpg,Olea_Europaea
1465,1465.jpg,Eucalyptus_Glaucescens
2374,2374.jpg,Alnus_Viridis
3779,3779.jpg,Castanea_Sativa
2343,2343.jpg,Lithocarpus_Cleistocarpus
316,316.jpg,Fagus_Sylvatica
2890,2890.jpg,Cornus_Chinensis
2157,2157.jpg,Eucalyptus_Urnigera
578,578.jpg,Quercus_x_Turneri
813,813.jpg,Alnus_Sieboldiana
2651,2651.jpg,Quercus_Suber
3440,3440.jpg,Callicarpa_Bodinieri
488,488.jpg,Ulmus_Bergmanniana
1003,1003.jpg,Quercus_Pontica
1646,1646.jpg,Lithocarpus_Edulis
2749,2749.jpg,Alnus_Cordata
2849,2849.jpg,Liquidambar_Styraciflua
914,914.jpg,Quercus_Phellos
3567,3567.jpg,Quercus_Canariensis
2143,2143.jpg,Quercus_Chrysolepis
2482,2482.jpg,Acer_Pictum
1577,1577.jpg,Olea_Europaea
2266,2266.jpg,Cornus_Macrophylla
754,754.jpg,Betula_Pendula
933,933.jpg,Ilex_Aquifolium
3429,3429.jpg,Eucalyptus_Glaucescens
734,734.jpg,Celtis_Koraiensis
2565,2565.jpg,Rhododendron_x_Russellianum
1529,1529.jpg,Acer_Saccharinum
1357,1357.jpg,Quercus_Semecarpifolia
521,521.jpg,Quercus_Coccinea
970,970.jpg,Quercus_Rhysophylla
586,586.jpg,Viburnum_Tinus
170,170.jpg,Quercus_Pyrenaica
2656,2656.jpg,Salix_Fragilis
2005,2005.jpg,Arundinaria_Simonii
1695,1695.jpg,Quercus_Hartwissiana
1710,1710.jpg,Quercus_Afares
249,249.jpg,Tilia_Platyphyllos
2439,2439.jpg,Eucalyptus_Glaucescens
3487,3487.jpg,Cornus_Macrophylla
2720,2720.jpg,Eucalyptus_Neglecta
616,616.jpg,Quercus_Phillyraeoides
1870,1870.jpg,Pterocarya_Stenoptera
682,682.jpg,Acer_Palmatum
3,3.jpg,Quercus_Hartwissiana
287,287.jpg,Quercus_Shumardii
1067,1067.jpg,Quercus_Alnifolia
1297,1297.jpg,Liriodendron_Tulipifera
1598,1598.jpg,Acer_Circinatum
439,439.jpg,Zelkova_Serrata
2235,2235.jpg,Castanea_Sativa
1406,1406.jpg,Quercus_Texana
2788,2788.jpg,Quercus_Ilex
3154,3154.jpg,Acer_Platanoids
3510,3510.jpg,Prunus_Avium
1133,1133.jpg,Celtis_Koraiensis
3605,3605.jpg,Acer_Saccharinum
2282,2282.jpg,Quercus_Brantii
3663,3663.jpg,Quercus_Crassipes
1671,1671.jpg,Castanea_Sativa
1047,1047.jpg,Quercus_Coccifera
2832,2832.jpg,Quercus_Imbricaria
1545,1545.jpg,Eucalyptus_Glaucescens
3146,3146.jpg,Quercus_Crassipes
3686,3686.jpg,Tilia_Platyphyllos
46,46.jpg,Quercus_Pyrenaica
179,179.jpg,Alnus_Rubra
880,880.jpg,Pterocarya_Stenoptera
3825,3825.jpg,Acer_Palmatum
480,480.jpg,Rhododendron_x_Russellianum
2007,2007.jpg,Quercus_Phillyraeoides
432,432.jpg,Rhododendron_x_Russellianum
836,836.jpg,Quercus_Texana
1164,1164.jpg,Quercus_x_Turneri
2364,2364.jpg,Quercus_x_Hispanica
1244,1244.jpg,Arundinaria_Simonii
2797,2797.jpg,Quercus_Afares
1311,1311.jpg,Salix_Intergra
3069,3069.jpg,Eucalyptus_Neglecta
2425,2425.jpg,Acer_Rubrum
710,710.jpg,Zelkova_Serrata
1856,1856.jpg,Cotinus_Coggygria
3690,3690.jpg,Quercus_Afares
2006,2006.jpg,Acer_Platanoids
2637,2637.jpg,Quercus_Castaneifolia
3513,3513.jpg,Alnus_Rubra
444,444.jpg,Quercus_Pontica
3115,3115.jpg,Acer_Saccharinum
2722,2722.jpg,Quercus_Imbricaria
1809,1809.jpg,Quercus_Alnifolia
726,726.jpg,Quercus_Crassipes
2408,2408.jpg,Rhododendron_x_Russellianum
3661,3661.jpg,Quercus_Infectoria_sub
1030,1030.jpg,Quercus_Crassifolia
2877,2877.jpg,Quercus_Vulcanica
378,378.jpg,Betula_Pendula
3205,3205.jpg,Quercus_Agrifolia
3507,3507.jpg,Quercus_Pontica
1609,1609.jpg,Quercus_Imbricaria
625,625.jpg,Acer_Capillipes
3693,3693.jpg,Quercus_Rhysophylla
1403,1403.jpg,Sorbus_Aria
3432,3432.jpg,Quercus_Crassifolia
409,409.jpg,Viburnum_Tinus
315,315.jpg,Quercus_x_Hispanica
3515,3515.jpg,Quercus_Texana
502,502.jpg,Acer_Pictum
2402,2402.jpg,Quercus_Variabilis
600,600.jpg,Phildelphus
3054,3054.jpg,Acer_Pictum
2557,2557.jpg,Quercus_Pyrenaica
3483,3483.jpg,Quercus_Canariensis
3618,3618.jpg,Pterocarya_Stenoptera
2879,2879.jpg,Zelkova_Serrata
3307,3307.jpg,Cotinus_Coggygria
3438,3438.jpg,Pterocarya_Stenoptera
755,755.jpg,Acer_Rubrum
2398,2398.jpg,Quercus_Greggii
1408,1408.jpg,Quercus_Greggii
3030,3030.jpg,Celtis_Koraiensis
3001,3001.jpg,Liriodendron_Tulipifera
158,158.jpg,Cornus_Controversa
438,438.jpg,Alnus_Viridis
1765,1765.jpg,Acer_Rubrum
693,693.jpg,Quercus_Crassipes
2917,2917.jpg,Acer_Circinatum
599,599.jpg,Quercus_Semecarpifolia
1818,1818.jpg,Quercus_Greggii
1699,1699.jpg,Ulmus_Bergmanniana
1186,1186.jpg,Fagus_Sylvatica
3274,3274.jpg,Quercus_Imbricaria
3227,3227.jpg,Cercis_Siliquastrum
2218,2218.jpg,Liquidambar_Styraciflua
1928,1928.jpg,Quercus_Brantii
2599,2599.jpg,Quercus_Imbricaria
2380,2380.jpg,Populus_Adenopoda
2505,2505.jpg,Quercus_Alnifolia
633,633.jpg,Populus_Grandidentata
222,222.jpg,Alnus_Viridis
1780,1780.jpg,Quercus_Phellos
2058,2058.jpg,Quercus_Afares
557,557.jpg,Quercus_Pubescens
2727,2727.jpg,Salix_Intergra
3822,3822.jpg,Quercus_Imbricaria
2982,2982.jpg,Betula_Austrosinensis
1316,1316.jpg,Ginkgo_Biloba
3281,3281.jpg,Quercus_Alnifolia
311,311.jpg,Quercus_Alnifolia
2484,2484.jpg,Quercus_Imbricaria
1173,1173.jpg,Quercus_Suber
1070,1070.jpg,Alnus_Maximowiczii
1461,1461.jpg,Quercus_Castaneifolia
2384,2384.jpg,Cornus_Chinensis
3815,3815.jpg,Rhododendron_x_Russellianum
3096,3096.jpg,Quercus_x_Turneri
1237,1237.jpg,Ginkgo_Biloba
70,70.jpg,Quercus_Variabilis
1895,1895.jpg,Eucalyptus_Neglecta
3386,3386.jpg,Quercus_Texana
2769,2769.jpg,Zelkova_Serrata
965,965.jpg,Prunus_X_Shmittii
2983,2983.jpg,Quercus_Pontica
23,23.jpg,Alnus_Sieboldiana
3958,3958.jpg,Alnus_Maximowiczii
2285,2285.jpg,Acer_Capillipes
457,457.jpg,Magnolia_Salicifolia
883,883.jpg,Populus_Nigra
849,849.jpg,Quercus_Canariensis
372,372.jpg,Cornus_Controversa
483,483.jpg,Quercus_Greggii
57,57.jpg,Quercus_Coccifera
2703,2703.jpg,Quercus_Rhysophylla
3798,3798.jpg,Quercus_Greggii
3176,3176.jpg,Quercus_Kewensis
673,673.jpg,Quercus_Crassifolia
534,534.jpg,Prunus_X_Shmittii
331,331.jpg,Quercus_Phillyraeoides
684,684.jpg,Quercus_Pontica
3002,3002.jpg,Cytisus_Battandieri
610,610.jpg,Pterocarya_Stenoptera
753,753.jpg,Viburnum_Tinus
3720,3720.jpg,Magnolia_Heptapeta
1054,1054.jpg,Tilia_Oliveri
1527,1527.jpg,Quercus_Pontica
2503,2503.jpg,Salix_Fragilis
2775,2775.jpg,Quercus_Crassipes
1813,1813.jpg,Prunus_Avium
2970,2970.jpg,Quercus_Afares
2515,2515.jpg,Quercus_Pontica
324,324.jpg,Viburnum_Tinus
3367,3367.jpg,Acer_Rufinerve
2044,2044.jpg,Tilia_Oliveri
587,587.jpg,Olea_Europaea
2973,2973.jpg,Quercus_Hartwissiana
1951,1951.jpg,Quercus_Vulcanica
716,716.jpg,Tilia_Platyphyllos
2584,2584.jpg,Quercus_Alnifolia
3921,3921.jpg,Tilia_Oliveri
2236,2236.jpg,Quercus_Crassifolia
877,877.jpg,Quercus_Semecarpifolia
2015,2015.jpg,Alnus_Rubra
150,150.jpg,Quercus_Afares
1977,1977.jpg,Acer_Pictum
1463,1463.jpg,Quercus_Crassifolia
1580,1580.jpg,Quercus_x_Turneri
318,318.jpg,Lithocarpus_Cleistocarpus
2095,2095.jpg,Quercus_Agrifolia
3623,3623.jpg,Magnolia_Heptapeta
1683,1683.jpg,Quercus_Crassipes
2089,2089.jpg,Arundinaria_Simonii
3366,3366.jpg,Tilia_Tomentosa
1422,1422.jpg,Rhododendron_x_Russellianum
258,258.jpg,Lithocarpus_Edulis
1472,1472.jpg,Quercus_Trojana
675,675.jpg,Pterocarya_Stenoptera
1207,1207.jpg,Acer_Saccharinum
3952,3952.jpg,Viburnum_x_Rhytidophylloides
2873,2873.jpg,Alnus_Cordata
3434,3434.jpg,Cornus_Controversa
743,743.jpg,Acer_Capillipes
1150,1150.jpg,Quercus_Variabilis
357,357.jpg,Eucalyptus_Neglecta
2424,2424.jpg,Quercus_Pontica
1324,1324.jpg,Quercus_Cerris
2300,2300.jpg,Quercus_Pubescens
901,901.jpg,Quercus_Palustris
2792,2792.jpg,Tilia_Tomentosa
1140,1140.jpg,Quercus_Afares
345,345.jpg,Quercus_Ellipsoidalis
2375,2375.jpg,Alnus_Cordata
1066,1066.jpg,Quercus_Phellos
782,782.jpg,Morus_Nigra
1266,1266.jpg,Populus_Adenopoda
1323,1323.jpg,Quercus_Semecarpifolia
3161,3161.jpg,Quercus_Palustris
1911,1911.jpg,Alnus_Cordata
1152,1152.jpg,Populus_Nigra
3920,3920.jpg,Quercus_Pyrenaica
1844,1844.jpg,Callicarpa_Bodinieri
1177,1177.jpg,Lithocarpus_Cleistocarpus
1371,1371.jpg,Quercus_Hartwissiana
3775,3775.jpg,Fagus_Sylvatica
1534,1534.jpg,Viburnum_Tinus
1112,1112.jpg,Cornus_Macrophylla
1329,1329.jpg,Viburnum_x_Rhytidophylloides
85,85.jpg,Acer_Rufinerve
2151,2151.jpg,Eucalyptus_Neglecta
2820,2820.jpg,Ilex_Aquifolium
126,126.jpg,Quercus_x_Turneri
829,829.jpg,Pterocarya_Stenoptera
3410,3410.jpg,Eucalyptus_Glaucescens
2771,2771.jpg,Sorbus_Aria
3946,3946.jpg,Rhododendron_x_Russellianum
2723,2723.jpg,Acer_Capillipes
2063,2063.jpg,Prunus_Avium
2782,2782.jpg,Crataegus_Monogyna
924,924.jpg,Tilia_Oliveri
2293,2293.jpg,Acer_Platanoids
1026,1026.jpg,Eucalyptus_Glaucescens
1621,1621.jpg,Quercus_Brantii
3919,3919.jpg,Populus_Grandidentata
2905,2905.jpg,Lithocarpus_Edulis
2829,2829.jpg,Quercus_Canariensis
2932,2932.jpg,Acer_Capillipes
2305,2305.jpg,Populus_Grandidentata
3841,3841.jpg,Betula_Pendula
2730,2730.jpg,Magnolia_Heptapeta
3539,3539.jpg,Acer_Opalus
3697,3697.jpg,Quercus_Kewensis
1340,1340.jpg,Cytisus_Battandieri
3893,3893.jpg,Quercus_Greggii
2827,2827.jpg,Cytisus_Battandieri
3678,3678.jpg,Quercus_Afares
3164,3164.jpg,Quercus_Pyrenaica
742,742.jpg,Quercus_Imbricaria
1247,1247.jpg,Cercis_Siliquastrum
391,391.jpg,Acer_Rufinerve
1737,1737.jpg,Salix_Intergra
2865,2865.jpg,Acer_Pictum
2186,2186.jpg,Quercus_Kewensis
1102,1102.jpg,Acer_Capillipes
2668,2668.jpg,Alnus_Sieboldiana
38,38.jpg,Cotinus_Coggygria
11,11.jpg,Zelkova_Serrata
3811,3811.jpg,Ilex_Cornuta
2605,2605.jpg,Acer_Capillipes
1174,1174.jpg,Acer_Platanoids
686,686.jpg,Cercis_Siliquastrum
3540,3540.jpg,Rhododendron_x_Russellianum
1760,1760.jpg,Quercus_Dolicholepis
3172,3172.jpg,Olea_Europaea
1733,1733.jpg,Acer_Capillipes
3799,3799.jpg,Pterocarya_Stenoptera
1182,1182.jpg,Quercus_Crassipes
3498,3498.jpg,Quercus_Kewensis
3734,3734.jpg,Viburnum_x_Rhytidophylloides
2469,2469.jpg,Liriodendron_Tulipifera
2309,2309.jpg,Quercus_Ilex
887,887.jpg,Viburnum_x_Rhytidophylloides
723,723.jpg,Quercus_Rhysophylla
1249,1249.jpg,Liriodendron_Tulipifera
1019,1019.jpg,Quercus_Phillyraeoides
773,773.jpg,Viburnum_Tinus
1946,1946.jpg,Quercus_Shumardii
860,860.jpg,Acer_Capillipes
3055,3055.jpg,Acer_Rufinerve
761,761.jpg,Quercus_Semecarpifolia
1803,1803.jpg,Alnus_Sieboldiana
1098,1098.jpg,Quercus_Pyrenaica
204,204.jpg,Quercus_x_Hispanica
1692,1692.jpg,Alnus_Viridis
3182,3182.jpg,Liquidambar_Styraciflua
1493,1493.jpg,Lithocarpus_Cleistocarpus
3533,3533.jpg,Quercus_Cerris
678,678.jpg,Quercus_Hartwissiana
1987,1987.jpg,Quercus_Canariensis
2614,2614.jpg,Acer_Opalus
3516,3516.jpg,Quercus_Greggii
1471,1471.jpg,Quercus_Ellipsoidalis
1453,1453.jpg,Ulmus_Bergmanniana
864,864.jpg,Ulmus_Bergmanniana
1748,1748.jpg,Magnolia_Heptapeta
7,7.jpg,Quercus_Canariensis
2295,2295.jpg,Quercus_x_Hispanica
3092,3092.jpg,Cornus_Macrophylla
3298,3298.jpg,Liriodendron_Tulipifera
810,810.jpg,Quercus_Pubescens
3823,3823.jpg,Quercus_Hartwissiana
2959,2959.jpg,Alnus_Viridis
3276,3276.jpg,Acer_Mono
462,462.jpg,Quercus_Crassifolia
3393,3393.jpg,Quercus_Nigra
3090,3090.jpg,Quercus_Dolicholepis
876,876.jpg,Quercus_Rhysophylla
1871,1871.jpg,Zelkova_Serrata
1955,1955.jpg,Prunus_X_Shmittii
3047,3047.jpg,Quercus_Alnifolia
17,17.jpg,Phildelphus
2299,2299.jpg,Phildelphus
2216,2216.jpg,Eucalyptus_Urnigera
3029,3029.jpg,Quercus_Suber
2233,2233.jpg,Quercus_Rubra
2986,2986.jpg,Fagus_Sylvatica
687,687.jpg,Quercus_Canariensis
238,238.jpg,Liquidambar_Styraciflua
846,846.jpg,Quercus_Infectoria_sub
2687,2687.jpg,Cytisus_Battandieri
2882,2882.jpg,Ulmus_Bergmanniana
2567,2567.jpg,Olea_Europaea
2943,2943.jpg,Tilia_Tomentosa
1923,1923.jpg,Ilex_Aquifolium
2372,2372.jpg,Quercus_Brantii
2927,2927.jpg,Acer_Mono
2175,2175.jpg,Alnus_Viridis
3816,3816.jpg,Quercus_Infectoria_sub
2163,2163.jpg,Quercus_Suber
3736,3736.jpg,Castanea_Sativa
3871,3871.jpg,Quercus_Palustris
3792,3792.jpg,Acer_Opalus
1263,1263.jpg,Quercus_Pontica
1684,1684.jpg,Cotinus_Coggygria
1820,1820.jpg,Quercus_Infectoria_sub
1407,1407.jpg,Salix_Intergra
1538,1538.jpg,Magnolia_Salicifolia
1985,1985.jpg,Quercus_Variabilis
2787,2787.jpg,Quercus_Dolicholepis
2239,2239.jpg,Liriodendron_Tulipifera
2075,2075.jpg,Acer_Saccharinum
84,84.jpg,Acer_Pictum
656,656.jpg,Lithocarpus_Edulis
1564,1564.jpg,Quercus_Pyrenaica
2312,2312.jpg,Quercus_Phillyraeoides
2074,2074.jpg,Acer_Circinatum
3337,3337.jpg,Quercus_Semecarpifolia
2255,2255.jpg,Arundinaria_Simonii
2674,2674.jpg,Cotinus_Coggygria
1607,1607.jpg,Salix_Fragilis
3177,3177.jpg,Quercus_x_Hispanica
2131,2131.jpg,Quercus_Palustris
3885,3885.jpg,Cercis_Siliquastrum
1467,1467.jpg,Fagus_Sylvatica
1347,1347.jpg,Eucalyptus_Neglecta
2379,2379.jpg,Quercus_Greggii
2012,2012.jpg,Cytisus_Battandieri
3395,3395.jpg,Quercus_Vulcanica
537,537.jpg,Quercus_Pontica
2027,2027.jpg,Callicarpa_Bodinieri
312,312.jpg,Quercus_Coccinea
437,437.jpg,Morus_Nigra
3721,3721.jpg,Cornus_Macrophylla
904,904.jpg,Acer_Opalus
3220,3220.jpg,Quercus_Palustris
2852,2852.jpg,Lithocarpus_Edulis
2995,2995.jpg,Arundinaria_Simonii
463,463.jpg,Ulmus_Bergmanniana
2483,2483.jpg,Lithocarpus_Cleistocarpus
361,361.jpg,Quercus_Afares
186,186.jpg,Acer_Palmatum
320,320.jpg,Quercus_Pubescens
1205,1205.jpg,Magnolia_Heptapeta
1641,1641.jpg,Quercus_Coccifera
3781,3781.jpg,Viburnum_x_Rhytidophylloides
735,735.jpg,Sorbus_Aria
2073,2073.jpg,Quercus_Cerris
665,665.jpg,Quercus_Castaneifolia
2256,2256.jpg,Populus_Adenopoda
3470,3470.jpg,Quercus_Pubescens
2053,2053.jpg,Quercus_Phellos
2514,2514.jpg,Prunus_X_Shmittii
851,851.jpg,Ilex_Cornuta
618,618.jpg,Quercus_Rubra
2772,2772.jpg,Acer_Opalus
42,42.jpg,Quercus_Hartwissiana
1181,1181.jpg,Quercus_Palustris
1812,1812.jpg,Acer_Opalus
1377,1377.jpg,Populus_Nigra
98,98.jpg,Quercus_Semecarpifolia
3347,3347.jpg,Salix_Fragilis
1693,1693.jpg,Acer_Opalus
2152,2152.jpg,Quercus_Pubescens
3053,3053.jpg,Prunus_Avium
108,108.jpg,Quercus_Pyrenaica
298,298.jpg,Quercus_Ellipsoidalis
2897,2897.jpg,Betula_Pendula
2039,2039.jpg,Quercus_Suber
1934,1934.jpg,Quercus_x_Hispanica
2527,2527.jpg,Acer_Rubrum
1459,1459.jpg,Acer_Saccharinum
517,517.jpg,Cornus_Macrophylla
212,212.jpg,Liquidambar_Styraciflua
2628,2628.jpg,Pterocarya_Stenoptera
3784,3784.jpg,Quercus_Pubescens
1339,1339.jpg,Acer_Rufinerve
2225,2225.jpg,Magnolia_Salicifolia
514,514.jpg,Liquidambar_Styraciflua
624,624.jpg,Quercus_Kewensis
939,939.jpg,Quercus_Castaneifolia
512,512.jpg,Quercus_Castaneifolia
1843,1843.jpg,Quercus_Hartwissiana
388,388.jpg,Cornus_Macrophylla
3451,3451.jpg,Quercus_Ellipsoidalis
2911,2911.jpg,Olea_Europaea
3638,3638.jpg,Tilia_Tomentosa
2148,2148.jpg,Viburnum_Tinus
927,927.jpg,Quercus_Phillyraeoides
731,731.jpg,Prunus_X_Shmittii
630,630.jpg,Eucalyptus_Neglecta
2529,2529.jpg,Quercus_Phillyraeoides
3716,3716.jpg,Sorbus_Aria
3575,3575.jpg,Tilia_Oliveri
1358,1358.jpg,Quercus_Coccinea
783,783.jpg,Alnus_Viridis
2035,2035.jpg,Quercus_Trojana
3571,3571.jpg,Alnus_Rubra
1042,1042.jpg,Prunus_Avium
3072,3072.jpg,Quercus_Canariensis
1600,1600.jpg,Pterocarya_Stenoptera
2176,2176.jpg,Fagus_Sylvatica
844,844.jpg,Liquidambar_Styraciflua
3179,3179.jpg,Quercus_Shumardii
97,97.jpg,Celtis_Koraiensis
448,448.jpg,Olea_Europaea
2811,2811.jpg,Phildelphus
806,806.jpg,Quercus_Chrysolepis
3840,3840.jpg,Cytisus_Battandieri
842,842.jpg,Quercus_Ilex
3527,3527.jpg,Quercus_Pubescens
1157,1157.jpg,Alnus_Rubra
1721,1721.jpg,Prunus_X_Shmittii
390,390.jpg,Tilia_Platyphyllos
3718,3718.jpg,Fagus_Sylvatica
3080,3080.jpg,Alnus_Cordata
2869,2869.jpg,Quercus_Brantii
1442,1442.jpg,Populus_Adenopoda
2627,2627.jpg,Alnus_Rubra
767,767.jpg,Quercus_Pontica
2563,2563.jpg,Prunus_Avium
2714,2714.jpg,Celtis_Koraiensis
2707,2707.jpg,Quercus_Kewensis
1811,1811.jpg,Ginkgo_Biloba
115,115.jpg,Quercus_Agrifolia
3399,3399.jpg,Salix_Fragilis
3700,3700.jpg,Quercus_Hartwissiana
244,244.jpg,Lithocarpus_Edulis
1440,1440.jpg,Cornus_Chinensis
1327,1327.jpg,Cotinus_Coggygria
103,103.jpg,Tilia_Platyphyllos
452,452.jpg,Populus_Adenopoda
16,16.jpg,Fagus_Sylvatica
922,922.jpg,Quercus_Chrysolepis
3343,3343.jpg,Betula_Pendula
1375,1375.jpg,Quercus_Coccifera
2682,2682.jpg,Alnus_Viridis
1180,1180.jpg,Magnolia_Heptapeta
3468,3468.jpg,Ginkgo_Biloba
3150,3150.jpg,Quercus_Dolicholepis
1100,1100.jpg,Alnus_Cordata
2367,2367.jpg,Populus_Nigra
1401,1401.jpg,Phildelphus
2377,2377.jpg,Acer_Rufinerve
3215,3215.jpg,Magnolia_Salicifolia
504,504.jpg,Quercus_Imbricaria
3564,3564.jpg,Cornus_Macrophylla
1891,1891.jpg,Quercus_Palustris
816,816.jpg,Ginkgo_Biloba
1841,1841.jpg,Ilex_Cornuta
3186,3186.jpg,Acer_Rufinerve
2222,2222.jpg,Acer_Platanoids
1350,1350.jpg,Quercus_Rubra
1756,1756.jpg,Castanea_Sativa
1806,1806.jpg,Ginkgo_Biloba
3740,3740.jpg,Quercus_Dolicholepis
3133,3133.jpg,Quercus_Chrysolepis
2008,2008.jpg,Cornus_Chinensis
2808,2808.jpg,Quercus_Greggii
2016,2016.jpg,Eucalyptus_Glaucescens
543,543.jpg,Alnus_Rubra
3867,3867.jpg,Quercus_Vulcanica
3299,3299.jpg,Quercus_Ilex
1945,1945.jpg,Quercus_Coccinea
2585,2585.jpg,Tilia_Oliveri
239,239.jpg,Populus_Nigra
1995,1995.jpg,Quercus_Coccifera
382,382.jpg,Alnus_Cordata
3084,3084.jpg,Acer_Palmatum
1049,1049.jpg,Quercus_Suber
1125,1125.jpg,Quercus_Cerris
1701,1701.jpg,Quercus_Crassifolia
1464,1464.jpg,Castanea_Sativa
412,412.jpg,Quercus_Chrysolepis
3285,3285.jpg,Quercus_x_Hispanica
1797,1797.jpg,Quercus_Dolicholepis
1039,1039.jpg,Quercus_Canariensis
313,313.jpg,Acer_Platanoids
1238,1238.jpg,Betula_Pendula
2590,2590.jpg,Pterocarya_Stenoptera
1035,1035.jpg,Cornus_Controversa
611,611.jpg,Crataegus_Monogyna
2447,2447.jpg,Eucalyptus_Neglecta
178,178.jpg,Acer_Pictum
1770,1770.jpg,Olea_Europaea
1530,1530.jpg,Prunus_Avium
1322,1322.jpg,Quercus_Phillyraeoides
1499,1499.jpg,Quercus_Suber
140,140.jpg,Quercus_Suber
1738,1738.jpg,Fagus_Sylvatica
2589,2589.jpg,Ilex_Aquifolium
2047,2047.jpg,Celtis_Koraiensis
1838,1838.jpg,Quercus_x_Turneri
3095,3095.jpg,Cotinus_Coggygria
2001,2001.jpg,Quercus_Trojana
3142,3142.jpg,Quercus_Pubescens
1961,1961.jpg,Quercus_Cerris
2361,2361.jpg,Quercus_Hartwissiana
3085,3085.jpg,Quercus_Agrifolia
2104,2104.jpg,Liquidambar_Styraciflua
3473,3473.jpg,Lithocarpus_Cleistocarpus
3236,3236.jpg,Populus_Grandidentata
750,750.jpg,Magnolia_Heptapeta
3657,3657.jpg,Quercus_Canariensis
733,733.jpg,Tilia_Oliveri
165,165.jpg,Acer_Mono
3244,3244.jpg,Quercus_Brantii
3951,3951.jpg,Quercus_Suber
1810,1810.jpg,Quercus_x_Turneri
2378,2378.jpg,Acer_Rufinerve
2268,2268.jpg,Quercus_Coccinea
1282,1282.jpg,Quercus_Rhysophylla
1968,1968.jpg,Quercus_Pubescens
1918,1918.jpg,Quercus_x_Turneri
2481,2481.jpg,Magnolia_Heptapeta
3622,3622.jpg,Tilia_Platyphyllos
3037,3037.jpg,Celtis_Koraiensis
1256,1256.jpg,Populus_Grandidentata
3443,3443.jpg,Quercus_Crassifolia
1083,1083.jpg,Quercus_Cerris
3286,3286.jpg,Fagus_Sylvatica
1663,1663.jpg,Quercus_Crassifolia
3923,3923.jpg,Cornus_Controversa
706,706.jpg,Lithocarpus_Cleistocarpus
1830,1830.jpg,Ilex_Aquifolium
1300,1300.jpg,Acer_Saccharinum
2853,2853.jpg,Sorbus_Aria
1485,1485.jpg,Quercus_Palustris
322,322.jpg,Cornus_Macrophylla
1132,1132.jpg,Ilex_Aquifolium
2535,2535.jpg,Eucalyptus_Glaucescens
3252,3252.jpg,Ginkgo_Biloba
1487,1487.jpg,Alnus_Maximowiczii
3064,3064.jpg,Acer_Circinatum
2866,2866.jpg,Quercus_Ellipsoidalis
874,874.jpg,Alnus_Sieboldiana
2676,2676.jpg,Acer_Rubrum
2851,2851.jpg,Betula_Pendula
3266,3266.jpg,Betula_Austrosinensis
3725,3725.jpg,Acer_Rubrum
3884,3884.jpg,Quercus_Phellos
1363,1363.jpg,Betula_Pendula
3517,3517.jpg,Acer_Rubrum
2080,2080.jpg,Betula_Austrosinensis
2975,2975.jpg,Quercus_Variabilis
653,653.jpg,Magnolia_Heptapeta
3229,3229.jpg,Liriodendron_Tulipifera
3105,3105.jpg,Quercus_Cerris
3491,3491.jpg,Quercus_Coccinea
3460,3460.jpg,Quercus_Phellos
3369,3369.jpg,Quercus_Greggii
3653,3653.jpg,Quercus_Pyrenaica
1315,1315.jpg,Populus_Grandidentata
802,802.jpg,Crataegus_Monogyna
833,833.jpg,Quercus_Rhysophylla
8,8.jpg,Quercus_Rubra
1834,1834.jpg,Liquidambar_Styraciflua
3008,3008.jpg,Cotinus_Coggygria
1195,1195.jpg,Lithocarpus_Cleistocarpus
3218,3218.jpg,Betula_Pendula
1215,1215.jpg,Quercus_Shumardii
2935,2935.jpg,Quercus_Coccinea
1993,1993.jpg,Quercus_Pontica
2242,2242.jpg,Quercus_Imbricaria
531,531.jpg,Ulmus_Bergmanniana
3415,3415.jpg,Acer_Rubrum
369,369.jpg,Eucalyptus_Neglecta
2715,2715.jpg,Sorbus_Aria
696,696.jpg,Acer_Rubrum
3394,3394.jpg,Populus_Grandidentata
3526,3526.jpg,Populus_Nigra
66,66.jpg,Quercus_Texana
3875,3875.jpg,Eucalyptus_Neglecta
3238,3238.jpg,Quercus_Trojana
2779,2779.jpg,Quercus_Ellipsoidalis
59,59.jpg,Quercus_Suber
871,871.jpg,Betula_Pendula
1446,1446.jpg,Betula_Austrosinensis
3295,3295.jpg,Populus_Grandidentata
2922,2922.jpg,Acer_Platanoids
373,373.jpg,Betula_Pendula
3586,3586.jpg,Quercus_Phillyraeoides
3808,3808.jpg,Eucalyptus_Urnigera
996,996.jpg,Magnolia_Salicifolia
1567,1567.jpg,Quercus_Pyrenaica
153,153.jpg,Eucalyptus_Urnigera
2953,2953.jpg,Acer_Mono
2355,2355.jpg,Quercus_Ilex
3556,3556.jpg,Viburnum_Tinus
3677,3677.jpg,Cytisus_Battandieri
973,973.jpg,Acer_Mono
494,494.jpg,Quercus_Hartwissiana
1479,1479.jpg,Liriodendron_Tulipifera
2956,2956.jpg,Rhododendron_x_Russellianum
2833,2833.jpg,Quercus_Hartwissiana
2040,2040.jpg,Celtis_Koraiensis
3017,3017.jpg,Callicarpa_Bodinieri
1149,1149.jpg,Quercus_Hartwissiana
3109,3109.jpg,Quercus_Pubescens
1452,1452.jpg,Quercus_Crassifolia
676,676.jpg,Salix_Fragilis
296,296.jpg,Betula_Austrosinensis
1633,1633.jpg,Phildelphus
2332,2332.jpg,Liquidambar_Styraciflua
662,662.jpg,Rhododendron_x_Russellianum
3392,3392.jpg,Quercus_Variabilis
2878,2878.jpg,Salix_Intergra
44,44.jpg,Quercus_Coccifera
627,627.jpg,Zelkova_Serrata
363,363.jpg,Lithocarpus_Cleistocarpus
3028,3028.jpg,Cercis_Siliquastrum
2032,2032.jpg,Prunus_Avium
338,338.jpg,Cytisus_Battandieri
991,991.jpg,Acer_Opalus
160,160.jpg,Quercus_Variabilis
1670,1670.jpg,Acer_Palmatum
245,245.jpg,Magnolia_Salicifolia
168,168.jpg,Viburnum_Tinus
2748,2748.jpg,Alnus_Maximowiczii
728,728.jpg,Cornus_Controversa
3913,3913.jpg,Eucalyptus_Urnigera
859,859.jpg,Quercus_x_Hispanica
2694,2694.jpg,Lithocarpus_Edulis
626,626.jpg,Callicarpa_Bodinieri
2744,2744.jpg,Viburnum_x_Rhytidophylloides
878,878.jpg,Quercus_Rhysophylla
3528,3528.jpg,Phildelphus
33,33.jpg,Tilia_Tomentosa
1405,1405.jpg,Eucalyptus_Glaucescens
2205,2205.jpg,Quercus_Shumardii
3106,3106.jpg,Lithocarpus_Edulis
3478,3478.jpg,Quercus_Chrysolepis
1638,1638.jpg,Pterocarya_Stenoptera
2125,2125.jpg,Acer_Saccharinum
2318,2318.jpg,Cytisus_Battandieri
1635,1635.jpg,Crataegus_Monogyna
1089,1089.jpg,Eucalyptus_Neglecta
1115,1115.jpg,Cotinus_Coggygria
2459,2459.jpg,Quercus_Ilex
2933,2933.jpg,Cornus_Controversa
948,948.jpg,Acer_Rufinerve
333,333.jpg,Quercus_Semecarpifolia
1367,1367.jpg,Salix_Fragilis
606,606.jpg,Acer_Palmatum
3026,3026.jpg,Liriodendron_Tulipifera
669,669.jpg,Quercus_Chrysolepis
1840,1840.jpg,Quercus_Semecarpifolia
2098,2098.jpg,Liriodendron_Tulipifera
1077,1077.jpg,Viburnum_x_Rhytidophylloides
2353,2353.jpg,Betula_Pendula
2026,2026.jpg,Quercus_Pyrenaica
3590,3590.jpg,Morus_Nigra
2140,2140.jpg,Quercus_Variabilis
3359,3359.jpg,Ulmus_Bergmanniana
3897,3897.jpg,Quercus_Phillyraeoides
401,401.jpg,Quercus_Pontica
3099,3099.jpg,Ilex_Cornuta
211,211.jpg,Alnus_Viridis
3314,3314.jpg,Quercus_Shumardii
3631,3631.jpg,Salix_Intergra
492,492.jpg,Sorbus_Aria
2825,2825.jpg,Rhododendron_x_Russellianum
411,411.jpg,Phildelphus
1250,1250.jpg,Pterocarya_Stenoptera
1273,1273.jpg,Cornus_Macrophylla
292,292.jpg,Quercus_Rhysophylla
2594,2594.jpg,Alnus_Sieboldiana
1660,1660.jpg,Tilia_Oliveri
3005,3005.jpg,Alnus_Rubra
3821,3821.jpg,Ilex_Cornuta
2232,2232.jpg,Cytisus_Battandieri
2957,2957.jpg,Acer_Capillipes
3752,3752.jpg,Morus_Nigra
2540,2540.jpg,Alnus_Maximowiczii
3024,3024.jpg,Quercus_Suber
1515,1515.jpg,Quercus_Alnifolia
1970,1970.jpg,Quercus_x_Hispanica
1698,1698.jpg,Quercus_Afares
1450,1450.jpg,Quercus_Nigra
1786,1786.jpg,Quercus_Pubescens
214,214.jpg,Acer_Pictum
1898,1898.jpg,Quercus_Nigra
2809,2809.jpg,Pterocarya_Stenoptera
3682,3682.jpg,Quercus_Phellos
1777,1777.jpg,Quercus_Palustris
3748,3748.jpg,Tilia_Platyphyllos
2170,2170.jpg,Magnolia_Heptapeta
499,499.jpg,Acer_Mono
896,896.jpg,Morus_Nigra
3043,3043.jpg,Quercus_Phellos
1960,1960.jpg,Quercus_Rhysophylla
1741,1741.jpg,Cornus_Macrophylla
2199,2199.jpg,Populus_Adenopoda
2081,2081.jpg,Ginkgo_Biloba
1349,1349.jpg,Castanea_Sativa
3458,3458.jpg,Ulmus_Bergmanniana
3886,3886.jpg,Salix_Fragilis
835,835.jpg,Prunus_Avium
3634,3634.jpg,Magnolia_Salicifolia
3547,3547.jpg,Quercus_Pyrenaica
936,936.jpg,Olea_Europaea
805,805.jpg,Fagus_Sylvatica
747,747.jpg,Salix_Intergra
3042,3042.jpg,Liquidambar_Styraciflua
417,417.jpg,Salix_Intergra
2562,2562.jpg,Quercus_Chrysolepis
2854,2854.jpg,Alnus_Sieboldiana
3416,3416.jpg,Quercus_Alnifolia
776,776.jpg,Quercus_Infectoria_sub
1615,1615.jpg,Acer_Capillipes
737,737.jpg,Quercus_Nigra
3477,3477.jpg,Quercus_Crassipes
2413,2413.jpg,Morus_Nigra
2936,2936.jpg,Quercus_Shumardii
2025,2025.jpg,Cornus_Controversa
447,447.jpg,Quercus_Nigra
2394,2394.jpg,Cornus_Macrophylla
3549,3549.jpg,Quercus_Infectoria_sub
760,760.jpg,Salix_Intergra
1992,1992.jpg,Betula_Austrosinensis
1091,1091.jpg,Ginkgo_Biloba
1575,1575.jpg,Rhododendron_x_Russellianum
995,995.jpg,Quercus_Variabilis
2122,2122.jpg,Ilex_Aquifolium
3022,3022.jpg,Prunus_Avium
2197,2197.jpg,Acer_Saccharinum
513,513.jpg,Quercus_Canariensis
3607,3607.jpg,Acer_Mono
3898,3898.jpg,Quercus_x_Turneri
2644,2644.jpg,Magnolia_Salicifolia
3846,3846.jpg,Quercus_Rhysophylla
2324,2324.jpg,Quercus_Shumardii
393,393.jpg,Ginkgo_Biloba
2029,2029.jpg,Quercus_Canariensis
1264,1264.jpg,Quercus_Brantii
2686,2686.jpg,Lithocarpus_Cleistocarpus
3850,3850.jpg,Pterocarya_Stenoptera
2817,2817.jpg,Acer_Mono
1213,1213.jpg,Quercus_Rhysophylla
2014,2014.jpg,Rhododendron_x_Russellianum
177,177.jpg,Eucalyptus_Urnigera
1789,1789.jpg,Quercus_Ellipsoidalis
2900,2900.jpg,Quercus_Shumardii
2041,2041.jpg,Quercus_Dolicholepis
2632,2632.jpg,Tilia_Platyphyllos
1082,1082.jpg,Acer_Circinatum
3574,3574.jpg,Quercus_Alnifolia
1596,1596.jpg,Acer_Palmatum
2066,2066.jpg,Lithocarpus_Cleistocarpus
3625,3625.jpg,Arundinaria_Simonii
725,725.jpg,Quercus_Greggii
3357,3357.jpg,Populus_Nigra
3858,3858.jpg,Quercus_Shumardii
3937,3937.jpg,Quercus_Suber
236,236.jpg,Eucalyptus_Urnigera
2941,2941.jpg,Quercus_Vulcanica
1359,1359.jpg,Eucalyptus_Neglecta
3613,3613.jpg,Phildelphus
1217,1217.jpg,Callicarpa_Bodinieri
2079,2079.jpg,Eucalyptus_Neglecta
943,943.jpg,Eucalyptus_Urnigera
1310,1310.jpg,Quercus_Pubescens
827,827.jpg,Quercus_Phillyraeoides
80,80.jpg,Alnus_Maximowiczii
1160,1160.jpg,Quercus_Pyrenaica
3231,3231.jpg,Quercus_Pontica
2542,2542.jpg,Quercus_Brantii
3455,3455.jpg,Alnus_Sieboldiana
2754,2754.jpg,Alnus_Cordata
1144,1144.jpg,Quercus_Ilex
3348,3348.jpg,Betula_Pendula
2751,2751.jpg,Ulmus_Bergmanniana
3644,3644.jpg,Salix_Fragilis
73,73.jpg,Quercus_Phellos
1426,1426.jpg,Sorbus_Aria
984,984.jpg,Quercus_Phellos
641,641.jpg,Acer_Platanoids
2370,2370.jpg,Tilia_Platyphyllos
3489,3489.jpg,Alnus_Cordata
385,385.jpg,Quercus_Coccifera
553,553.jpg,Quercus_Infectoria_sub
2274,2274.jpg,Quercus_Nigra
1474,1474.jpg,Viburnum_Tinus
906,906.jpg,Quercus_Kewensis
2471,2471.jpg,Eucalyptus_Neglecta
546,546.jpg,Quercus_Greggii
1652,1652.jpg,Rhododendron_x_Russellianum
269,269.jpg,Quercus_Ellipsoidalis
2499,2499.jpg,Alnus_Cordata
639,639.jpg,Quercus_Coccinea
2750,2750.jpg,Quercus_Dolicholepis
3757,3757.jpg,Quercus_Palustris
3834,3834.jpg,Ulmus_Bergmanniana
1373,1373.jpg,Crataegus_Monogyna
2555,2555.jpg,Cercis_Siliquastrum
2490,2490.jpg,Quercus_Texana
903,903.jpg,Quercus_Alnifolia
1570,1570.jpg,Quercus_Trojana
3400,3400.jpg,Quercus_Crassipes
247,247.jpg,Ginkgo_Biloba
3548,3548.jpg,Quercus_x_Turneri
1309,1309.jpg,Phildelphus
2209,2209.jpg,Quercus_Rubra
3765,3765.jpg,Quercus_Crassipes
2616,2616.jpg,Alnus_Sieboldiana
2597,2597.jpg,Salix_Fragilis
1758,1758.jpg,Alnus_Maximowiczii
216,216.jpg,Acer_Rufinerve
619,619.jpg,Quercus_Imbricaria
503,503.jpg,Lithocarpus_Cleistocarpus
3107,3107.jpg,Cercis_Siliquastrum
1386,1386.jpg,Tilia_Tomentosa
3928,3928.jpg,Ginkgo_Biloba
719,719.jpg,Quercus_Trojana
3593,3593.jpg,Prunus_Avium
741,741.jpg,Quercus_Vulcanica
1161,1161.jpg,Eucalyptus_Neglecta
3358,3358.jpg,Cornus_Macrophylla
1470,1470.jpg,Rhododendron_x_Russellianum
2350,2350.jpg,Phildelphus
821,821.jpg,Ginkgo_Biloba
781,781.jpg,Quercus_Infectoria_sub
3016,3016.jpg,Quercus_Pyrenaica
1374,1374.jpg,Quercus_x_Hispanica
2717,2717.jpg,Quercus_Nigra
3536,3536.jpg,Quercus_Shumardii
1284,1284.jpg,Quercus_Nigra
156,156.jpg,Phildelphus
3545,3545.jpg,Cercis_Siliquastrum
89,89.jpg,Ilex_Aquifolium
2608,2608.jpg,Populus_Adenopoda
1644,1644.jpg,Olea_Europaea
2160,2160.jpg,Quercus_Dolicholepis
2906,2906.jpg,Arundinaria_Simonii
2137,2137.jpg,Quercus_Crassipes
1419,1419.jpg,Salix_Fragilis
899,899.jpg,Zelkova_Serrata
3119,3119.jpg,Quercus_Trojana
2257,2257.jpg,Prunus_Avium
3086,3086.jpg,Quercus_Agrifolia
3509,3509.jpg,Acer_Saccharinum
142,142.jpg,Ilex_Aquifolium
297,297.jpg,Acer_Mono
51,51.jpg,Prunus_X_Shmittii
1610,1610.jpg,Morus_Nigra
3408,3408.jpg,Alnus_Viridis
1589,1589.jpg,Quercus_Semecarpifolia
3315,3315.jpg,Quercus_Ellipsoidalis
1696,1696.jpg,Lithocarpus_Cleistocarpus
1659,1659.jpg,Quercus_Chrysolepis
953,953.jpg,Cornus_Controversa
3940,3940.jpg,Quercus_Rhysophylla
2607,2607.jpg,Zelkova_Serrata
2962,2962.jpg,Viburnum_x_Rhytidophylloides
339,339.jpg,Viburnum_x_Rhytidophylloides
1927,1927.jpg,Acer_Circinatum
2545,2545.jpg,Quercus_Dolicholepis
3402,3402.jpg,Rhododendron_x_Russellianum
3624,3624.jpg,Olea_Europaea
1203,1203.jpg,Cotinus_Coggygria
2554,2554.jpg,Quercus_Pyrenaica
3052,3052.jpg,Callicarpa_Bodinieri
3226,3226.jpg,Quercus_Crassifolia
3649,3649.jpg,Quercus_Coccifera
181,181.jpg,Acer_Opalus
2976,2976.jpg,Magnolia_Salicifolia
1952,1952.jpg,Salix_Fragilis
763,763.jpg,Quercus_Greggii
530,530.jpg,Magnolia_Heptapeta
1101,1101.jpg,Arundinaria_Simonii
3447,3447.jpg,Fagus_Sylvatica
188,188.jpg,Quercus_Chrysolepis
572,572.jpg,Ilex_Aquifolium
3050,3050.jpg,Alnus_Maximowiczii
2201,2201.jpg,Alnus_Sieboldiana
3381,3381.jpg,Phildelphus
814,814.jpg,Quercus_Pubescens
1599,1599.jpg,Ilex_Aquifolium
2387,2387.jpg,Quercus_Cerris
2246,2246.jpg,Populus_Grandidentata
1105,1105.jpg,Quercus_Agrifolia
2328,2328.jpg,Acer_Capillipes
2190,2190.jpg,Quercus_Rubra
1468,1468.jpg,Quercus_Vulcanica
2887,2887.jpg,Quercus_Agrifolia
660,660.jpg,Acer_Palmatum
2766,2766.jpg,Alnus_Rubra
628,628.jpg,Populus_Adenopoda
3354,3354.jpg,Quercus_x_Hispanica
3780,3780.jpg,Quercus_Pubescens
479,479.jpg,Quercus_Ilex
3324,3324.jpg,Quercus_Crassipes
1120,1120.jpg,Lithocarpus_Edulis
3659,3659.jpg,Betula_Austrosinensis
2622,2622.jpg,Betula_Pendula
3078,3078.jpg,Quercus_Pyrenaica
43,43.jpg,Quercus_Kewensis
3396,3396.jpg,Ilex_Cornuta
3922,3922.jpg,Acer_Capillipes
699,699.jpg,Quercus_Rhysophylla
3041,3041.jpg,Liriodendron_Tulipifera
1079,1079.jpg,Ilex_Aquifolium
2830,2830.jpg,Quercus_Semecarpifolia
1800,1800.jpg,Quercus_Pubescens
2401,2401.jpg,Eucalyptus_Glaucescens
3117,3117.jpg,Quercus_Crassifolia
3421,3421.jpg,Alnus_Sieboldiana
1729,1729.jpg,Acer_Saccharinum
3865,3865.jpg,Ilex_Aquifolium
441,441.jpg,Crataegus_Monogyna
1466,1466.jpg,Eucalyptus_Urnigera
2142,2142.jpg,Populus_Nigra
820,820.jpg,Quercus_x_Turneri
2547,2547.jpg,Quercus_Cerris
2386,2386.jpg,Quercus_Infectoria_sub
715,715.jpg,Quercus_x_Turneri
114,114.jpg,Acer_Palmatum
1033,1033.jpg,Quercus_Kewensis
209,209.jpg,Quercus_Shumardii
1156,1156.jpg,Eucalyptus_Glaucescens
173,173.jpg,Morus_Nigra
777,777.jpg,Acer_Rubrum
3772,3772.jpg,Crataegus_Monogyna
1984,1984.jpg,Tilia_Tomentosa
1585,1585.jpg,Tilia_Tomentosa
24,24.jpg,Quercus_Ilex
1108,1108.jpg,Liriodendron_Tulipifera
3485,3485.jpg,Quercus_x_Hispanica
3729,3729.jpg,Quercus_Cerris
2112,2112.jpg,Populus_Grandidentata
3035,3035.jpg,Quercus_Semecarpifolia
3557,3557.jpg,Olea_Europaea
2119,2119.jpg,Quercus_Pubescens
1012,1012.jpg,Quercus_Variabilis
2871,2871.jpg,Cotinus_Coggygria
3814,3814.jpg,Liquidambar_Styraciflua
579,579.jpg,Quercus_Infectoria_sub
2418,2418.jpg,Alnus_Viridis
407,407.jpg,Quercus_Cerris
958,958.jpg,Ginkgo_Biloba
1971,1971.jpg,Quercus_Suber
3664,3664.jpg,Cotinus_Coggygria
3345,3345.jpg,Quercus_Ilex
1510,1510.jpg,Quercus_Coccifera
2106,2106.jpg,Quercus_x_Turneri
3769,3769.jpg,Quercus_Ellipsoidalis
1074,1074.jpg,Acer_Pictum
2719,2719.jpg,Acer_Saccharinum
117,117.jpg,Tilia_Tomentosa
1675,1675.jpg,Quercus_Palustris
49,49.jpg,Quercus_Canariensis
1772,1772.jpg,Morus_Nigra
3372,3372.jpg,Eucalyptus_Urnigera
1890,1890.jpg,Viburnum_x_Rhytidophylloides
2468,2468.jpg,Ulmus_Bergmanniana
2269,2269.jpg,Populus_Nigra
1427,1427.jpg,Morus_Nigra
1072,1072.jpg,Callicarpa_Bodinieri
332,332.jpg,Quercus_Phillyraeoides
1000,1000.jpg,Salix_Fragilis
784,784.jpg,Cornus_Chinensis
408,408.jpg,Salix_Intergra
2159,2159.jpg,Alnus_Rubra
93,93.jpg,Quercus_Cerris
1889,1889.jpg,Zelkova_Serrata
2864,2864.jpg,Prunus_X_Shmittii
3306,3306.jpg,Cercis_Siliquastrum
365,365.jpg,Ilex_Aquifolium
1650,1650.jpg,Acer_Palmatum
26,26.jpg,Acer_Platanoids
3077,3077.jpg,Quercus_Variabilis
3591,3591.jpg,Alnus_Maximowiczii
1867,1867.jpg,Quercus_Semecarpifolia
2913,2913.jpg,Ilex_Aquifolium
2623,2623.jpg,Phildelphus
1792,1792.jpg,Crataegus_Monogyna
3599,3599.jpg,Quercus_Vulcanica
3195,3195.jpg,Quercus_Shumardii
745,745.jpg,Zelkova_Serrata
3612,3612.jpg,Betula_Pendula
1051,1051.jpg,Quercus_Dolicholepis
551,551.jpg,Alnus_Maximowiczii
2046,2046.jpg,Quercus_Texana
799,799.jpg,Quercus_Ellipsoidalis
2096,2096.jpg,Quercus_Agrifolia
2939,2939.jpg,Acer_Pictum
3505,3505.jpg,Quercus_Pontica
1095,1095.jpg,Populus_Nigra
2344,2344.jpg,Tilia_Platyphyllos
2247,2247.jpg,Betula_Austrosinensis
969,969.jpg,Acer_Palmatum
1531,1531.jpg,Quercus_Variabilis
1006,1006.jpg,Fagus_Sylvatica
598,598.jpg,Acer_Pictum
3848,3848.jpg,Quercus_Rhysophylla
934,934.jpg,Quercus_Cerris
3521,3521.jpg,Alnus_Maximowiczii
2960,2960.jpg,Quercus_x_Hispanica
362,362.jpg,Quercus_Canariensis
2895,2895.jpg,Cercis_Siliquastrum
2208,2208.jpg,Quercus_Crassifolia
433,433.jpg,Morus_Nigra
1328,1328.jpg,Cytisus_Battandieri
3141,3141.jpg,Eucalyptus_Neglecta
445,445.jpg,Acer_Rubrum
257,257.jpg,Cercis_Siliquastrum
2560,2560.jpg,Quercus_Trojana
895,895.jpg,Ilex_Aquifolium
425,425.jpg,Quercus_Vulcanica
3338,3338.jpg,Quercus_Coccinea
3803,3803.jpg,Quercus_Rhysophylla
1355,1355.jpg,Ilex_Aquifolium
375,375.jpg,Quercus_Ilex
3124,3124.jpg,Quercus_Ilex
1449,1449.jpg,Eucalyptus_Glaucescens
3025,3025.jpg,Quercus_Trojana
1081,1081.jpg,Quercus_Coccinea
2494,2494.jpg,Liquidambar_Styraciflua
3061,3061.jpg,Quercus_Coccinea
3909,3909.jpg,Quercus_Castaneifolia
2789,2789.jpg,Castanea_Sativa
2579,2579.jpg,Quercus_Semecarpifolia
2784,2784.jpg,Alnus_Maximowiczii
932,932.jpg,Quercus_Texana
1846,1846.jpg,Crataegus_Monogyna
730,730.jpg,Quercus_Hartwissiana
2862,2862.jpg,Prunus_X_Shmittii
1632,1632.jpg,Betula_Pendula
3044,3044.jpg,Quercus_Crassifolia
2931,2931.jpg,Tilia_Oliveri
1791,1791.jpg,Quercus_Cerris
2918,2918.jpg,Quercus_Brantii
632,632.jpg,Acer_Circinatum
87,87.jpg,Viburnum_x_Rhytidophylloides
187,187.jpg,Lithocarpus_Cleistocarpus
3027,3027.jpg,Quercus_Coccifera
822,822.jpg,Acer_Opalus
3203,3203.jpg,Quercus_Rubra
268,268.jpg,Quercus_Trojana
2093,2093.jpg,Quercus_Kewensis
2818,2818.jpg,Eucalyptus_Urnigera
